index,area,pop,sex,x_cv_ascertainment,x_cv_diagnostic_criteria,x_cv_representative,x_ihme_fao_stimulants_kcal_26oct11,x_smoking_prev,year
0,BRN,134.169176085,male,0,0,0,1.93548083961,3.07054142624,1990
1,BRN,119.835243516,female,0,0,0,1.93548083961,2.95074247058,1990
2,BRN,184.844047563,male,0,0,0,2.46743050768,3.06814869814,2005
3,BRN,179.956356589,female,0,0,0,2.46743050768,2.97490008452,2005
4,BRN,202.418035428,male,0,0,0,2.67506118899,3.07191818919,2010
5,BRN,198.397016037,female,0,0,0,2.67506118899,2.98075078555,2010
6,JPN,60777.3897925,male,0,0,0,1.03676507828,3.01940114468,1990
7,JPN,63073.3036658,female,0,0,0,1.03676507828,0.562469299423,1990
8,JPN,62380.2858531,male,0,0,0,1.43866549935,2.5777738744,2005
9,JPN,65017.7361532,female,0,0,0,1.43866549935,0.686586032457,2005
10,JPN,62173.0311565,male,0,0,0,1.59570467304,2.55413143191,2010
11,JPN,64789.8358687,female,0,0,0,1.59570467304,0.57532479872,2010
12,KOR,21642.6267339,male,0,0,0,0.130666434525,4.06636032825,1990
13,KOR,21593.2090977,female,0,0,0,0.130666434525,0.613154975729,1990
14,KOR,23611.4495412,male,0,0,0,0.290089134214,3.07442197713,2005
15,KOR,23760.0388399,female,0,0,0,0.290089134214,0.357338536843,2005
16,KOR,24217.6061492,male,0,0,0,0.375276133307,3.09837195745,2010
17,KOR,24389.5060372,female,0,0,0,0.375276133307,0.34205334516,2010
18,SGP,1395.2300977,male,0,0,0,0.782962171971,1.34123319505,1990
19,SGP,1357.05173149,female,0,0,0,0.782962171971,0.187372167596,1990
20,SGP,1760.87467354,male,0,0,0,1.28240296474,1.30615881841,2005
21,SGP,1783.68576441,female,0,0,0,1.28240296474,0.227371851897,2005
22,SGP,1840.40877484,male,0,0,0,1.44782709148,1.36856646158,2010
23,SGP,1869.65823253,female,0,0,0,1.44782709148,0.238398410868,2010
24,ARM,1714.71825341,male,0,0,0,0.162348498466,3.41955566469,1990
25,ARM,1820.80481224,female,0,0,0,0.162348498466,0.143063140324,1990
26,ARM,1452.93263049,male,0,0,0,1.4266516486,3.57335517784,2005
27,ARM,1662.23817383,female,0,0,0,1.4266516486,0.12726928464,2005
28,ARM,1453.01984602,male,0,0,0,2.1505686308,3.5544242359,2010
29,ARM,1666.22139991,female,0,0,0,2.1505686308,0.133308850584,2010
30,AZE,3507.17343883,male,0,0,0,0.149486530342,3.11754094924,1990
31,AZE,3679.15826468,female,0,0,0,0.149486530342,0.10336461457,1990
32,AZE,4284.28548639,male,0,0,0,0.93475044065,2.89372567481,2005
33,AZE,4441.98828734,female,0,0,0,0.93475044065,0.0828564757594,2005
34,AZE,4605.88259697,male,0,0,0,1.41611547401,2.88711876502,2010
35,AZE,4714.86316928,female,0,0,0,1.41611547401,0.0837138938367,2010
36,GEO,2605.16820184,male,0,0,0,0.632812405589,2.92774274913,1990
37,GEO,2885.78083875,female,0,0,0,0.632812405589,0.287499631934,1990
38,GEO,2160.95224843,male,0,0,0,1.86028430587,3.04743240493,2005
39,GEO,2425.04534154,female,0,0,0,1.86028430587,0.310547595142,2005
40,GEO,2072.06466669,male,0,0,0,2.83191479406,3.01921751912,2010
41,GEO,2325.27494975,female,0,0,0,2.83191479406,0.308859088428,2010
42,KAZ,8035.32315739,male,0,0,0,0.260955546163,2.30233761568,1990
43,KAZ,8568.63863054,female,0,0,0,0.260955546163,0.617925629961,1990
44,KAZ,7347.62067522,male,0,0,0,1.86824313835,2.32272415908,2005
45,KAZ,8038.22773238,female,0,0,0,1.86824313835,0.569476958796,2005
46,KAZ,7705.35025007,male,0,0,0,2.74281435869,2.32448987969,2010
47,KAZ,8346.08909535,female,0,0,0,2.74281435869,0.526787378963,2010
48,KGZ,2168.96664267,male,0,0,0,0.17576304874,2.38491180358,1990
49,KGZ,2264.14757132,female,0,0,0,0.17576304874,0.310052677109,1990
50,KGZ,2524.98849557,male,0,0,0,0.901966648864,2.4043373928,2005
51,KGZ,2582.72846319,female,0,0,0,0.901966648864,0.178563772854,2005
52,KGZ,2640.71699713,male,0,0,0,1.5598211978,2.39672692804,2010
53,KGZ,2709.3367025,female,0,0,0,1.5598211978,0.18024672432,2010
54,MNG,1088.19157409,male,0,0,0,0.177931452578,2.75163582214,1990
55,MNG,1113.34306756,female,0,0,0,0.177931452578,0.38553901782,1990
56,MNG,1270.64443948,male,0,0,0,1.34036223437,2.81062759674,2005
57,MNG,1300.47304753,female,0,0,0,1.34036223437,0.413209597591,2005
58,MNG,1365.92733114,male,0,0,0,2.02917238042,2.80888046884,2010
59,MNG,1401.40985956,female,0,0,0,2.02917238042,0.397862043619,2010
60,TJK,2630.66857432,male,0,0,0,0.103980977844,2.53781077982,1990
61,TJK,2664.54585755,female,0,0,0,0.103980977844,0.242277359722,1990
62,TJK,3225.77058338,male,0,0,0,0.570903273247,2.58306494846,2005
63,TJK,3282.40268667,female,0,0,0,0.570903273247,0.227858835086,2005
64,TJK,3410.86861379,male,0,0,0,0.979444989494,2.60102876723,2010
65,TJK,3521.09576839,female,0,0,0,0.979444989494,0.224694644987,2010
66,TKM,1809.57922493,male,0,0,0,0.225806785246,2.77947339331,1990
67,TKM,1862.62809766,female,0,0,0,0.225806785246,0.287680937914,1990
68,TKM,2354.93408324,male,0,0,0,0.741243594163,2.65945118978,2005
69,TKM,2420.31967362,female,0,0,0,0.741243594163,0.244181677234,2005
70,TKM,2501.56982473,male,0,0,0,0.697456269746,2.66138198836,2010
71,TKM,2576.64721073,female,0,0,0,0.697456269746,0.239967491022,2010
72,UZB,10193.9571092,male,0,0,0,0.0873361587771,1.74822220503,1990
73,UZB,10438.751421,female,0,0,0,0.0873361587771,0.0836266123542,1990
74,UZB,13001.0299447,male,0,0,0,0.11169169818,1.4852725744,2005
75,UZB,13146.3696112,female,0,0,0,0.11169169818,0.0938451502822,2005
76,UZB,13713.4638151,male,0,0,0,0.134912519759,1.42034846234,2010
77,UZB,13870.6273417,female,0,0,0,0.134912519759,0.0930875867806,2010
78,CHN,592272.478356,male,0,0,0,0.0658748714827,3.70833106327,1990
79,CHN,555680.937973,female,0,0,0,0.0658748714827,0.651492941258,1990
80,CHN,682314.101886,male,0,0,0,0.0710652261408,3.38052099609,2005
81,CHN,633754.717058,female,0,0,0,0.0710652261408,0.309067574962,2005
82,CHN,701116.474526,male,0,0,0,0.0776185480419,3.3986198241,2010
83,CHN,650047.113017,female,0,0,0,0.0776185480419,0.268618529275,2010
84,PRK,9929.71665229,male,0,0,0,0.0691126317495,3.90492904996,1990
85,PRK,10373.3587724,female,0,0,0,0.0691126317495,0.414598590219,1990
86,PRK,11695.6533854,male,0,0,0,0.104629093476,3.85420087668,2005
87,PRK,12220.1275925,female,0,0,0,0.104629093476,0.375431006321,2005
88,PRK,12015.8379571,male,0,0,0,0.1254162168,3.84449981533,2010
89,PRK,12543.2055612,female,0,0,0,0.1254162168,0.363952477571,2010
90,TWN,10620.5420243,male,0,0,0,0.152265936086,3.70137350944,1990
91,TWN,9850.39104166,female,0,0,0,0.152265936086,0.683646791562,1990
92,TWN,11704.9761795,male,0,0,0,0.301162770551,3.66890305961,2005
93,TWN,11290.665966,female,0,0,0,0.301162770551,0.637930075161,2005
94,TWN,11706.7494918,male,0,0,0,0.372368204103,3.69650569477,2010
95,TWN,11561.1031358,female,0,0,0,0.372368204103,0.6358968813,2010
96,BGD,54410.2304488,male,0,0,0,0.0664554951159,3.29714190639,1990
97,BGD,51378.847885,female,0,0,0,0.0664554951159,0.780062239781,1990
98,BGD,72035.6471592,male,0,0,0,0.0702521606129,3.25627698424,2005
99,BGD,68910.3800088,female,0,0,0,0.0702521606129,0.33831258706,2005
100,BGD,75610.1057413,male,0,0,0,0.0751442996052,3.08519563917,2010
101,BGD,73685.6935197,female,0,0,0,0.0751442996052,0.31999158522,2010
102,BTN,287.123996749,male,0,0,0,0.061183284072,0.51231385827,1990
103,BTN,272.491794052,female,0,0,0,0.061183284072,0.24017776011,1990
104,BTN,347.50117948,male,0,0,0,0.0684068523829,0.537578189616,2005
105,BTN,313.562609248,female,0,0,0,0.0684068523829,0.263556556189,2005
106,BTN,385.934194219,male,0,0,0,0.075670077398,0.549553292595,2010
107,BTN,343.138228383,female,0,0,0,0.075670077398,0.261394206187,2010
108,IND,456079.887066,male,0,0,0,0.0684953754937,2.89794793441,1990
109,IND,421518.354428,female,0,0,0,0.0684953754937,0.398931954688,1990
110,IND,592670.00033,male,0,0,0,0.0707662544547,2.93399007956,2005
111,IND,553036.622116,female,0,0,0,0.0707662544547,0.458070097221,2005
112,IND,635024.373061,male,0,0,0,0.0753992846524,2.49834695361,2010
113,IND,595355.080696,female,0,0,0,0.0753992846524,0.428481521662,2010
114,NPL,9731.80372921,male,0,0,0,0.0550756705351,3.36047029476,1990
115,NPL,9484.33847111,female,0,0,0,0.0550756705351,1.80248011368,1990
116,NPL,13571.537623,male,0,0,0,0.0716473618147,3.39106613028,2005
117,NPL,13780.2951958,female,0,0,0,0.0716473618147,1.76461200213,2005
118,NPL,14906.8555183,male,0,0,0,0.0904207218282,3.40988659905,2010
119,NPL,15164.2487135,female,0,0,0,0.0904207218282,1.72485670815,2010
120,PAK,58123.1987964,male,0,0,0,0.068154272855,2.09843696833,1990
121,PAK,54578.5894703,female,0,0,0,0.068154272855,0.396674253877,1990
122,PAK,81657.7833175,male,0,0,0,0.0704830904669,2.40777311767,2005
123,PAK,78299.0824617,female,0,0,0,0.0704830904669,0.45057363465,2005
124,PAK,88763.4650202,male,0,0,0,0.0754796977266,2.34286335629,2010
125,PAK,85827.4604388,female,0,0,0,0.0754796977266,0.43359658776,2010
126,IDN,92573.2226324,male,0,0,0,0.0768247266685,2.41483965545,1990
127,IDN,92530.5833304,female,0,0,0,0.0768247266685,0.218859302342,1990
128,IDN,113925.196999,male,0,0,0,0.316919609345,3.40518210237,2005
129,IDN,114276.773167,female,0,0,0,0.316919609345,0.337788462229,2005
130,IDN,120138.288751,male,0,0,0,0.399382185993,3.31969260491,2010
131,IDN,120890.022734,female,0,0,0,0.399382185993,0.336646030572,2010
132,KHM,4604.4312639,male,0,0,0,0.0519561930894,3.17628330175,1990
133,KHM,5061.29180038,female,0,0,0,0.0519561930894,0.455527066033,1990
134,KHM,6546.01705651,male,0,0,0,0.074986909913,3.00702088312,2005
135,KHM,6886.50814712,female,0,0,0,0.074986909913,0.321745811741,2005
136,KHM,6948.7558095,male,0,0,0,0.0951678423705,2.90038430122,2010
137,KHM,7270.3632497,female,0,0,0,0.0951678423705,0.329042637366,2010
138,LAO,2115.93105973,male,0,0,0,0.0705538814639,3.75799791784,1990
139,LAO,2117.9124236,female,0,0,0,0.0705538814639,0.757128062141,1990
140,LAO,2869.7788801,male,0,0,0,0.220272028951,3.84664185776,2005
141,LAO,2899.94939565,female,0,0,0,0.220272028951,0.725888738409,2005
142,LAO,3098.43486088,male,0,0,0,0.302144222431,3.79699977843,2010
143,LAO,3115.3987418,female,0,0,0,0.302144222431,0.69482405075,2010
144,LKA,8796.80210644,male,0,0,0,0.139537302462,2.47140337581,1990
145,LKA,8627.82509669,female,0,0,0,0.139537302462,0.177638045528,1990
146,LKA,9892.07560122,male,0,0,0,0.310059755555,2.30580091822,2005
147,LKA,10081.6444664,female,0,0,0,0.310059755555,0.163548134823,2005
148,LKA,10349.1576234,male,0,0,0,0.562754748395,2.40924670711,2010
149,LKA,10624.0228702,female,0,0,0,0.562754748395,0.169680894461,2010
150,MDV,114.418121536,male,0,0,0,0.16745919607,2.86719144345,1990
151,MDV,106.657457131,female,0,0,0,0.16745919607,0.664313281382,1990
152,MDV,149.964805201,male,0,0,0,1.50725029143,2.57895193907,2005
153,MDV,146.160154317,female,0,0,0,1.50725029143,0.957237466774,2005
154,MDV,160.350665698,male,0,0,0,2.10713869782,2.61861537515,2010
155,MDV,157.415476785,female,0,0,0,2.10713869782,0.784301661532,2010
156,MMR,19605.1894289,male,0,0,0,0.0625189658531,2.8895924075,1990
157,MMR,19875.67958,female,0,0,0,0.0625189658531,1.07261930493,1990
158,MMR,23032.6658691,male,0,0,0,0.0705312008532,2.6938476095,2005
159,MMR,23602.3669122,female,0,0,0,0.0705312008532,1.08239865421,2005
160,MMR,23769.2100129,male,0,0,0,0.0743085534666,2.75191038048,2010
161,MMR,24473.3168847,female,0,0,0,0.0743085534666,1.04007663687,2010
162,MUS,532.482830213,male,0,0,0,0.482294938399,2.63421289725,1990
163,MUS,535.119796238,female,0,0,0,0.482294938399,0.25221044633,1990
164,MUS,623.497919651,male,0,0,0,1.09884122239,2.16303942203,2005
165,MUS,636.009361463,female,0,0,0,1.09884122239,0.246890179011,2005
166,MUS,643.936624204,male,0,0,0,1.30940663727,2.19719210578,2010
167,MUS,660.016706902,female,0,0,0,1.30940663727,0.236316614225,2010
168,MYS,9259.62949846,male,0,0,0,0.158694170983,2.02999438031,1990
169,MYS,8987.29470079,female,0,0,0,0.158694170983,0.332048654062,1990
170,MYS,13254.839684,male,0,0,0,0.415548650362,2.63904794904,2005
171,MYS,12829.2041953,female,0,0,0,0.415548650362,0.208713748916,2005
172,MYS,14473.1948905,male,0,0,0,0.590026464498,2.46024404143,2010
173,MYS,14065.7090079,female,0,0,0,0.590026464498,0.21589014614,2010
174,PHL,31262.3681313,male,0,0,0,0.267691687532,2.81745193291,1990
175,PHL,30622.9678287,female,0,0,0,0.267691687532,0.76305985807,1990
176,PHL,43109.7491878,male,0,0,0,0.383287887204,3.00135313073,2005
177,PHL,42641.0429322,female,0,0,0,0.383287887204,0.7861516405,2005
178,PHL,47007.9560898,male,0,0,0,0.425951490456,2.83483322679,2010
179,PHL,46723.7418465,female,0,0,0,0.425951490456,0.746423761735,2010
180,SYC,31.6761106778,male,0,0,0,0.736082037008,2.85420366967,1990
181,SYC,32.1670562634,female,0,0,0,0.736082037008,0.550558156262,1990
182,SYC,36.771162495,male,0,0,0,0.828405868258,2.0352831032,2005
183,SYC,37.2193264296,female,0,0,0,0.828405868258,0.314429093724,2005
184,SYC,38.590167684,male,0,0,0,1.02513611063,2.14784538877,2010
185,SYC,38.9311453626,female,0,0,0,1.02513611063,0.325501728314,2010
186,THA,28448.8952728,male,0,0,0,0.0679962646007,3.21275605764,1990
187,THA,28832.4366256,female,0,0,0,0.0679962646007,0.406208098181,1990
188,THA,32903.0091778,male,0,0,0,0.11424017407,2.77216677493,2005
189,THA,33978.8674674,female,0,0,0,0.11424017407,0.264561189705,2005
190,THA,34135.7232502,male,0,0,0,0.145321545474,2.74936223179,2010
191,THA,35339.9004966,female,0,0,0,0.145321545474,0.23854949016,2010
192,TLS,392.335505975,male,0,0,0,0.07828109679,4.42292365747,1990
193,TLS,371.673537873,female,0,0,0,0.07828109679,0.299013829802,1990
194,TLS,521.475165562,male,0,0,0,0.283520691906,4.3892013588,2005
195,TLS,501.010599354,female,0,0,0,0.283520691906,0.296166063226,2005
196,TLS,578.291838952,male,0,0,0,0.604680200864,4.41501543862,2010
197,TLS,556.699547977,female,0,0,0,0.604680200864,0.289829514872,2010
198,VNM,33044.9213315,male,0,0,0,0.0601397697938,3.0589436379,1990
199,VNM,34743.6062036,female,0,0,0,0.0601397697938,0.225717100877,1990
200,VNM,41186.8118498,male,0,0,0,0.0713380807601,2.84158557038,2005
201,VNM,42451.5729971,female,0,0,0,0.0713380807601,0.236735690255,2005
202,VNM,43651.4050632,male,0,0,0,0.0755415539375,2.89125880152,2010
203,VNM,44713.5024869,female,0,0,0,0.0755415539375,0.179705165215,2010
204,AUS,8562.36426095,male,0,0,0,0.666791396829,1.69996808038,1990
205,AUS,8606.28316871,female,0,0,0,0.666791396829,1.40168512903,1990
206,AUS,10214.0060222,male,0,0,0,0.792790436594,1.22399651314,2005
207,AUS,10310.9880922,female,0,0,0,0.792790436594,1.00405659989,2005
208,AUS,10786.64086,male,0,0,0,1.11316437167,1.23362857387,2010
209,AUS,10846.6656905,female,0,0,0,1.11316437167,0.995201551897,2010
210,NZL,1687.21887562,male,0,0,0,0.554825469447,1.58860777729,1990
211,NZL,1738.05789276,female,0,0,0,0.554825469447,1.52506615943,1990
212,NZL,2043.48463575,male,0,0,0,0.504833279783,1.27828333977,2005
213,NZL,2117.94764928,female,0,0,0,0.504833279783,1.2163271113,2005
214,NZL,2157.55812746,male,0,0,0,0.743456671931,1.26117759705,2010
215,NZL,2227.00305792,female,0,0,0,0.743456671931,1.16996560701,2010
216,ATG,30.5477600502,male,0,0,0,0.579566579231,1.5523413418,1990
217,ATG,30.9093878805,female,0,0,0,0.579566579231,0.78409789538,1990
218,ATG,39.8995469201,male,0,0,0,1.13361128584,1.42748887455,2005
219,ATG,40.4991936044,female,0,0,0,1.13361128584,0.713295937832,2005
220,ATG,42.5112115492,male,0,0,0,1.46454888716,1.42650399353,2010
221,ATG,43.1867054611,female,0,0,0,1.46454888716,0.718063351878,2010
222,BHS,128.19893307,male,0,0,0,1.47097506018,1.22833872278,1990
223,BHS,130.014174879,female,0,0,0,1.47097506018,0.242300108713,1990
224,BHS,156.848767624,male,0,0,0,1.3075853155,1.20769625887,2005
225,BHS,164.428005381,female,0,0,0,1.3075853155,0.246291110223,2005
226,BHS,168.333980298,male,0,0,0,1.62294202458,1.21189572887,2010
227,BHS,176.066188441,female,0,0,0,1.62294202458,0.24087347939,2010
228,BLZ,95.0429435401,male,0,0,0,0.62497178721,1.34174896219,1990
229,BLZ,96.6163033206,female,0,0,0,0.62497178721,0.220501616104,1990
230,BLZ,139.434383623,male,0,0,0,1.07906785363,1.18507466437,2005
231,BLZ,142.438951859,female,0,0,0,1.07906785363,0.191490682591,2005
232,BLZ,154.607557412,male,0,0,0,1.15014751289,1.17952880252,2010
233,BLZ,158.149753929,female,0,0,0,1.15014751289,0.187991932053,2010
234,BRB,125.937505029,male,0,0,0,1.44395076892,1.18056701573,1990
235,BRB,136.083133491,female,0,0,0,1.44395076892,0.349381638492,1990
236,BRB,135.397119029,male,0,0,0,1.19445717864,1.13484384603,2005
237,BRB,137.174541038,female,0,0,0,1.19445717864,0.329446365386,2005
238,BRB,136.456360485,male,0,0,0,1.32383975315,1.13441025686,2010
239,BRB,138.233732173,female,0,0,0,1.32383975315,0.323508914927,2010
240,CUB,5351.18598983,male,0,0,0,0.161903133747,2.90597113923,1990
241,CUB,5272.90932814,female,0,0,0,0.161903133747,1.59862035675,1990
242,CUB,5688.19691797,male,0,0,0,0.306483779272,2.61096054964,2005
243,CUB,5622.31793034,female,0,0,0,0.306483779272,1.47772740976,2005
244,CUB,5705.49556132,male,0,0,0,0.371243108356,2.62474406424,2010
245,CUB,5633.69641203,female,0,0,0,0.371243108356,1.48430841613,2010
246,DMA,33.9098116769,male,0,0,0,2.10304244208,1.58821340429,1990
247,DMA,34.2934208356,female,0,0,0,2.10304244208,0.822150507967,1990
248,DMA,34.304595641,male,0,0,0,3.82320181148,1.45575904208,2005
249,DMA,34.867262781,female,0,0,0,3.82320181148,0.732950411404,2005
250,DMA,34.6262356243,male,0,0,0,4.57643176474,1.45292202949,2010
251,DMA,35.225025602,female,0,0,0,4.57643176474,0.734613014685,2010
252,DOM,3653.91771249,male,0,0,0,0.475618591367,1.69444297737,1990
253,DOM,3584.998688,female,0,0,0,0.475618591367,1.07227635972,1990
254,DOM,4677.31479678,male,0,0,0,0.543529838042,1.36377200237,2005
255,DOM,4629.14215073,female,0,0,0,0.543529838042,0.991547245376,2005
256,DOM,5000.84305528,male,0,0,0,0.650729400727,1.3751902763,2010
257,DOM,4966.53913331,female,0,0,0,0.650729400727,0.966309701971,2010
258,GRD,47.6625201855,male,0,0,0,0.960833142921,1.41548249791,1990
259,GRD,48.9375649333,female,0,0,0,0.960833142921,0.679647418821,1990
260,GRD,51.5583080537,male,0,0,0,0.963204297672,1.35757352292,2005
261,GRD,52.162667998,female,0,0,0,0.963204297672,0.655911570541,2005
262,GRD,52.4751020669,male,0,0,0,1.46946989238,1.34286619441,2010
263,GRD,52.4364954517,female,0,0,0,1.46946989238,0.646169803802,2010
264,GUY,363.461910711,male,0,0,0,0.14194557094,1.68260745509,1990
265,GUY,374.008369733,female,0,0,0,0.14194557094,0.902132773084,1990
266,GUY,363.746785615,male,0,0,0,0.389599969882,1.62071634623,2005
267,GUY,362.660575899,female,0,0,0,0.389599969882,0.866699674505,2005
268,GUY,380.922673244,male,0,0,0,0.508881425142,1.61040944239,2010
269,GUY,377.839185407,female,0,0,0,0.508881425142,0.856923430025,2010
270,HTI,3533.95289258,male,0,0,0,0.329659926921,1.37576206525,1990
271,HTI,3635.08580501,female,0,0,0,0.329659926921,0.506800533657,1990
272,HTI,4659.62310206,male,0,0,0,0.361827905763,1.27285639002,2005
273,HTI,4741.87781814,female,0,0,0,0.361827905763,0.469176203198,2005
274,HTI,4978.36746315,male,0,0,0,0.494388514924,1.31697192226,2010
275,HTI,5064.02620669,female,0,0,0,0.494388514924,0.451052374319,2010
276,JAM,1176.28112922,male,0,0,0,0.232749113985,1.88491254573,1990
277,JAM,1212.83909123,female,0,0,0,0.232749113985,0.526510744738,1990
278,JAM,1333.54645975,male,0,0,0,0.477830981844,1.86041195951,2005
279,JAM,1371.77239533,female,0,0,0,0.477830981844,0.518257974125,2005
280,JAM,1358.9578264,male,0,0,0,0.629134710205,1.85284549449,2010
281,JAM,1400.90546117,female,0,0,0,0.629134710205,0.515362746502,2010
282,LCA,69.1429879882,male,0,0,0,0.589434706746,2.19995465728,1990
283,LCA,71.9042520984,female,0,0,0,0.589434706746,0.585321150176,1990
284,LCA,80.9874024902,male,0,0,0,1.38805337299,2.1449672195,2005
285,LCA,84.7829932594,female,0,0,0,1.38805337299,0.538235523077,2005
286,LCA,85.1227998605,male,0,0,0,1.75100499992,2.13818882356,2010
287,LCA,89.6997305331,female,0,0,0,1.75100499992,0.536730055257,2010
288,SUR,207.490535229,male,0,0,0,0.303265194431,1.78237940158,1990
289,SUR,200.724918024,female,0,0,0,0.303265194431,0.177011421625,1990
290,SUR,250.702793464,male,0,0,0,1.10052508591,1.70729166687,2005
291,SUR,247.769222466,female,0,0,0,1.10052508591,0.171030684453,2005
292,SUR,264.075091369,male,0,0,0,1.34044470932,1.70892877286,2010
293,SUR,262.79236327,female,0,0,0,1.34044470932,0.171932859511,2010
294,TTO,599.33407283,male,0,0,0,0.253067504689,2.24601678288,1990
295,TTO,620.970591714,female,0,0,0,0.253067504689,0.465034172037,1990
296,TTO,642.297216634,male,0,0,0,0.813587869287,2.06993855725,2005
297,TTO,680.250152327,female,0,0,0,0.813587869287,0.397104539686,2005
298,TTO,652.914540472,male,0,0,0,0.967630453209,2.06646745209,2010
299,TTO,694.981766173,female,0,0,0,0.967630453209,0.397086673538,2010
300,VCT,53.7087185438,male,0,0,0,1.65533406037,1.25197858395,1990
301,VCT,54.2244628261,female,0,0,0,1.65533406037,0.382376064227,1990
302,VCT,55.3170499399,male,0,0,0,2.1200116626,1.24731456702,2005
303,VCT,54.2238741305,female,0,0,0,2.1200116626,0.387440519349,2005
304,VCT,55.5206951309,male,0,0,0,2.3043775357,1.22764271468,2010
305,VCT,54.410740727,female,0,0,0,2.3043775357,0.372437503601,2010
306,ALB,1690.12706965,male,0,0,0,0.132885697914,1.93695673977,1990
307,ALB,1610.76009935,female,0,0,0,0.132885697914,1.1956828152,1990
308,ALB,1576.82332614,male,0,0,0,0.674523423194,2.13780158078,2005
309,ALB,1578.33565133,female,0,0,0,0.674523423194,1.06061119087,2005
310,ALB,1614.73297985,male,0,0,0,0.766810828009,2.27229292759,2010
311,ALB,1610.17233012,female,0,0,0,0.766810828009,0.990044746974,2010
312,BGR,4391.76320688,male,0,0,0,0.48300422295,2.03498941062,1990
313,BGR,4522.35542197,female,0,0,0,0.48300422295,1.07268287214,1990
314,BGR,3813.64111513,male,0,0,0,0.857416431179,2.33561951085,2005
315,BGR,4058.93714964,female,0,0,0,0.857416431179,1.68171956302,2005
316,BGR,3701.9083437,male,0,0,0,1.05683398226,2.39653608202,2010
317,BGR,3964.11796063,female,0,0,0,1.05683398226,1.77213157021,2010
318,BIH,2136.37380774,male,0,0,0,0.419086138335,2.76501223767,1990
319,BIH,2187.83680049,female,0,0,0,0.419086138335,1.59311790797,1990
320,BIH,1840.8977285,male,0,0,0,2.64747331892,2.66367931601,2005
321,BIH,1989.12525517,female,0,0,0,2.64747331892,1.53358649356,2005
322,BIH,1833.00303611,male,0,0,0,3.76766180699,2.66906768138,2010
323,BIH,1979.1011714,female,0,0,0,3.76766180699,1.5396023177,2010
324,CZE,5053.88986952,male,0,0,0,0.732013272912,2.10619781289,1990
325,CZE,5372.0019585,female,0,0,0,0.732013272912,1.2443377481,1990
326,CZE,5044.13963819,male,0,0,0,2.65661429232,1.80705147394,2005
327,CZE,5307.93073993,female,0,0,0,2.65661429232,1.21536787198,2005
328,CZE,5192.81053947,male,0,0,0,2.94203259531,1.74104505868,2010
329,CZE,5378.26801251,female,0,0,0,2.94203259531,1.1922054192,2010
330,HRV,2200.60319852,male,0,0,0,0.784103075417,1.85038972267,1990
331,HRV,2359.03085644,female,0,0,0,0.784103075417,1.25569617788,1990
332,HRV,2167.92816724,male,0,0,0,1.97875269561,1.78833371634,2005
333,HRV,2342.31899894,female,0,0,0,1.97875269561,1.20204673816,2005
334,HRV,2149.89005041,male,0,0,0,2.02612080734,1.74306304443,2010
335,HRV,2318.44019044,female,0,0,0,2.02612080734,1.1928006115,2010
336,HUN,5040.52382092,male,0,0,0,0.827326821023,2.31148166295,1990
337,HUN,5469.43201684,female,0,0,0,0.827326821023,1.69748784922,1990
338,HUN,4836.15138007,male,0,0,0,1.84066214119,2.01485161238,2005
339,HUN,5366.86518925,female,0,0,0,1.84066214119,1.42998187691,2005
340,HUN,4787.76470933,male,0,0,0,2.37790395175,1.91484630935,2010
341,HUN,5296.62135802,female,0,0,0,2.37790395175,1.33881212662,2010
342,MKD,965.84983815,male,0,0,0,0.539666574025,3.01147388184,1990
343,MKD,958.175317274,female,0,0,0,0.539666574025,1.66499136058,1990
344,MKD,1029.89601194,male,0,0,0,2.46859890277,2.92118042573,2005
345,MKD,1027.88501119,female,0,0,0,2.46859890277,1.60200495167,2005
346,MKD,1042.4015612,male,0,0,0,3.46279316212,2.93906602426,2010
347,MKD,1040.10224305,female,0,0,0,3.46279316212,1.62483964027,2010
348,MNE,291.177963438,male,0,0,0,2.06283590498,2.37808133001,1990
349,MNE,295.527049099,female,0,0,0,2.06283590498,1.84131991084,1990
350,MNE,311.089755645,male,0,0,0,3.06771754299,2.0580022643,2005
351,MNE,323.27155882,female,0,0,0,3.06771754299,1.54025477734,2005
352,MNE,313.036222286,male,0,0,0,3.18052265296,2.08538508129,2010
353,MNE,325.555073031,female,0,0,0,3.18052265296,1.50049210494,2010
354,POL,18695.7473223,male,0,0,0,0.435709651374,2.99308849147,1990
355,POL,19701.4482402,female,0,0,0,0.435709651374,1.3966275514,1990
356,POL,18657.2822503,male,0,0,0,0.608340026677,1.91388553568,2005
357,POL,19963.0715422,female,0,0,0,0.608340026677,1.45430917187,2005
358,POL,18591.1567086,male,0,0,0,0.621289280787,1.97811774628,2010
359,POL,19923.5702264,female,0,0,0,0.621289280787,1.37278190686,2010
360,ROU,11494.3738658,male,0,0,0,0.306173810926,2.40563436957,1990
361,ROU,11843.3258324,female,0,0,0,0.306173810926,0.824382084218,1990
362,ROU,10740.0066137,male,0,0,0,0.756783248928,2.21341740255,2005
363,ROU,11351.5243067,female,0,0,0,0.756783248928,0.953801954008,2005
364,ROU,10553.8889206,male,0,0,0,1.12696517962,2.32258606761,2010
365,ROU,11216.9361069,female,0,0,0,1.12696517962,1.1035125606,2010
366,SRB,4797.02379684,male,0,0,0,0.47933477506,2.40612111945,1990
367,SRB,4873.52036265,female,0,0,0,0.47933477506,1.87569349583,1990
368,SRB,4945.32525091,male,0,0,0,0.768838337145,2.04734142209,2005
369,SRB,5075.37960313,female,0,0,0,0.768838337145,1.55574701598,2005
370,SRB,4939.5165808,male,0,0,0,0.863505831498,2.05994118591,2010
371,SRB,5054.9023655,female,0,0,0,0.863505831498,1.48841298208,2010
372,SVK,2595.64222236,male,0,0,0,1.8590746733,2.38027743571,1990
373,SVK,2722.78624095,female,0,0,0,1.8590746733,0.933286078464,1990
374,SVK,2635.09225668,male,0,0,0,1.98761187959,2.34055100104,2005
375,SVK,2803.54207263,female,0,0,0,1.98761187959,1.04056481731,2005
376,SVK,2651.54369312,male,0,0,0,3.72757210941,2.3494124572,2010
377,SVK,2810.22596263,female,0,0,0,3.72757210941,1.01907344735,2010
378,SVN,972.776027703,male,0,0,0,1.50669358553,1.82968326736,1990
379,SVN,1036.12187657,female,0,0,0,1.50669358553,1.36081082027,1990
380,SVN,990.496341073,male,0,0,0,3.60870509076,1.35435156907,2005
381,SVN,1035.4127342,female,0,0,0,3.60870509076,1.10662877971,2005
382,SVN,1019.7848527,male,0,0,0,4.51819070571,1.32524545172,2010
383,SVN,1039.36136629,female,0,0,0,4.51819070571,1.10747420639,2010
384,BLR,4786.28765915,male,0,0,0,0.366209387369,2.95208024301,1990
385,BLR,5443.64447284,female,0,0,0,0.366209387369,0.582204827275,1990
386,BLR,4633.40095896,male,0,0,0,0.815959024039,2.77983324344,2005
387,BLR,5314.01728345,female,0,0,0,0.815959024039,0.697653138875,2005
388,BLR,4512.30075512,male,0,0,0,1.27207297752,2.76790863862,2010
389,BLR,5190.6220057,female,0,0,0,1.27207297752,0.704926998895,2010
390,EST,735.29783695,male,0,0,0,0.670790057219,2.62342962296,1990
391,EST,840.026331272,female,0,0,0,0.670790057219,0.879841740684,1990
392,EST,628.464293888,male,0,0,0,5.31175778139,2.53300511534,2005
393,EST,738.991153068,female,0,0,0,5.31175778139,1.08701121627,2005
394,EST,623.901694144,male,0,0,0,6.25580727242,2.52472549361,2010
395,EST,730.548064346,female,0,0,0,6.25580727242,1.03684989495,2010
396,LTU,1749.2840914,male,0,0,0,0.417310865082,2.39754148722,1990
397,LTU,1955.69037051,female,0,0,0,0.417310865082,0.40515159462,1990
398,LTU,1612.34689874,male,0,0,0,1.27095956572,2.35868854881,2005
399,LTU,1853.47800213,female,0,0,0,1.27095956572,0.761567116326,2005
400,LTU,1568.60894941,male,0,0,0,1.55004791647,2.40993262461,2010
401,LTU,1807.88446389,female,0,0,0,1.55004791647,0.705867289004,2010
402,LVA,1237.77835059,male,0,0,0,0.722631747589,2.6016782755,1990
403,LVA,1432.27141184,female,0,0,0,0.722631747589,0.7344697335,1990
404,LVA,1073.09057328,male,0,0,0,3.63750946631,2.80847598718,2005
405,LVA,1262.13073873,female,0,0,0,3.63750946631,1.03871895852,2005
406,LVA,1049.19302325,male,0,0,0,4.56559318201,2.8120594609,2010
407,LVA,1224.59392928,female,0,0,0,4.56559318201,1.02722081266,2010
408,MDA,2093.57353313,male,0,0,0,0.101319786192,3.06816101806,1990
409,MDA,2303.17488047,female,0,0,0,0.101319786192,0.37666118473,1990
410,MDA,1827.62018244,male,0,0,0,0.744954966818,2.73268132341,2005
411,MDA,2019.09016651,female,0,0,0,0.744954966818,0.296451073195,2005
412,MDA,1711.23902746,male,0,0,0,1.15577642808,2.75683650044,2010
413,MDA,1898.79593633,female,0,0,0,1.15577642808,0.310328277904,2010
414,RUS,69399.3752568,male,0,0,0,0.782405466073,3.17699289336,1990
415,RUS,79392.2854951,female,0,0,0,0.782405466073,0.593434971886,1990
416,RUS,67247.029868,male,0,0,0,1.22872551949,3.49914360194,2005
417,RUS,78266.3536507,female,0,0,0,1.22872551949,0.952277952146,2005
418,RUS,65825.8614538,male,0,0,0,1.32161980247,3.56112997586,2010
419,RUS,76690.6964563,female,0,0,0,1.32161980247,1.0844252955,2010
420,UKR,23984.918019,male,0,0,0,0.128248543969,3.13817023579,1990
421,UKR,28102.193965,female,0,0,0,0.128248543969,0.6631398694,1990
422,UKR,21993.1271681,male,0,0,0,0.592326828252,3.32292714945,2005
423,UKR,25795.6663471,female,0,0,0,0.592326828252,0.807783444066,2005
424,UKR,21182.1813307,male,0,0,0,1.12833288917,3.06774584109,2010
425,UKR,24788.2612894,female,0,0,0,1.12833288917,0.721149998651,2010
426,AND,25.7479533937,male,0,0,0,1.1391096157,2.47886784267,1990
427,AND,27.1568666389,female,0,0,0,1.1391096157,1.49075503151,1990
428,AND,37.1415725012,male,0,0,0,1.78969262339,2.39498810369,2005
429,AND,38.639010354,female,0,0,0,1.78969262339,1.51992202643,2005
430,AND,41.3729616343,male,0,0,0,2.04097317088,2.39604590242,2010
431,AND,42.7314443346,female,0,0,0,2.04097317088,1.49953918352,2010
432,AUT,3705.20639622,male,0,0,0,1.8670472516,2.11231224156,1990
433,AUT,4046.6537823,female,0,0,0,1.8670472516,1.24127311022,1990
434,AUT,4040.861993,male,0,0,0,1.67900437041,1.99813915958,2005
435,AUT,4251.61410818,female,0,0,0,1.67900437041,1.56899689279,2005
436,AUT,4097.70721375,male,0,0,0,1.96253262252,1.87178361178,2010
437,AUT,4276.24789516,female,0,0,0,1.96253262252,1.33866785262,2010
438,BEL,4904.69286856,male,0,0,0,0.370185367149,2.38509434607,1990
439,BEL,5129.93760472,female,0,0,0,0.370185367149,1.50536010012,1990
440,BEL,5188.36759063,male,0,0,0,0.750735086083,1.85166106678,2005
441,BEL,5397.82488292,female,0,0,0,0.750735086083,1.35731336039,2005
442,BEL,5348.1307394,male,0,0,0,0.83917572187,1.92665976408,2010
443,BEL,5532.9290129,female,0,0,0,0.83917572187,1.3350609575,2010
444,CHE,3307.69231579,male,0,0,0,0.975630523155,1.87685238113,1990
445,CHE,3463.23017491,female,0,0,0,0.975630523155,1.49142942333,1990
446,CHE,3669.88276625,male,0,0,0,1.20644353774,1.34686231794,2005
447,CHE,3813.97553098,female,0,0,0,1.20644353774,1.07629094058,2005
448,CHE,3761.89563942,male,0,0,0,1.45826017238,1.39601710586,2010
449,CHE,3874.17344211,female,0,0,0,1.45826017238,1.0553953541,2010
450,CYP,319.574293473,male,0,0,0,1.24244385249,2.54298714319,1990
451,CYP,327.552320788,female,0,0,0,1.24244385249,0.947058216321,1990
452,CYP,366.602591298,male,0,0,0,3.49487591685,2.47517836344,2005
453,CYP,377.318435428,female,0,0,0,3.49487591685,0.908061410058,2005
454,CYP,376.184493597,male,0,0,0,4.32818217159,2.48944953049,2010
455,CYP,386.959503405,female,0,0,0,4.32818217159,0.924022392527,2010
456,DEU,38393.8157003,male,0,0,0,3.60093869983,2.32839822939,1990
457,DEU,41512.0674486,female,0,0,0,3.60093869983,1.43626269227,1990
458,DEU,40931.6638022,male,0,0,0,2.46869512355,1.6286413978,2005
459,DEU,42483.6067357,female,0,0,0,2.46869512355,1.20506313428,2005
460,DEU,40825.1605144,male,0,0,0,2.81129605708,1.75157638372,2010
461,DEU,42125.518464,female,0,0,0,2.81129605708,1.20630162526,2010
462,DNK,2560.06479865,male,0,0,0,2.72606507135,2.84687290784,1990
463,DNK,2630.7268217,female,0,0,0,2.72606507135,2.54039147478,1990
464,DNK,2701.45506677,male,0,0,0,3.88594462809,1.75093096403,2005
465,DNK,2742.73082879,female,0,0,0,3.88594462809,1.52579849552,2005
466,DNK,2754.7844371,male,0,0,0,4.30374896828,1.75437666217,2010
467,DNK,2783.39075249,female,0,0,0,4.30374896828,1.59059006684,2010
468,ESP,19194.525178,male,0,0,0,0.904908255339,2.704532189,1990
469,ESP,20013.6928365,female,0,0,0,0.904908255339,1.1854495421,1990
470,ESP,21587.6132485,male,0,0,0,1.35238983094,2.10769533819,2005
471,ESP,22196.2313951,female,0,0,0,1.35238983094,1.37548904126,2005
472,ESP,22197.4441029,male,0,0,0,1.67868134353,2.09893334399,2010
473,ESP,22736.2856112,female,0,0,0,1.67868134353,1.34261835181,2010
474,FIN,2441.97092751,male,0,0,0,1.17826459721,1.52622278834,1990
475,FIN,2598.40809095,female,0,0,0,1.17826459721,0.86812296436,1990
476,FIN,2597.53388099,male,0,0,0,1.89107495309,1.37003839935,2005
477,FIN,2701.62995658,female,0,0,0,1.89107495309,0.875055607571,2005
478,FIN,2649.00627499,male,0,0,0,2.55189172723,1.36263493642,2010
479,FIN,2733.1207691,female,0,0,0,2.55189172723,0.822624125616,2010
480,FRA,27840.6467714,male,0,0,0,1.4552567097,2.36102915414,1990
481,FRA,29287.7766523,female,0,0,0,1.4552567097,1.34544530087,1990
482,FRA,29945.8278057,male,0,0,0,2.10135170564,1.86815000093,2005
483,FRA,31551.0793686,female,0,0,0,2.10135170564,1.31807958736,2005
484,FRA,30775.2885508,male,0,0,0,2.20652101003,1.88038413824,2010
485,FRA,32269.019624,female,0,0,0,2.20652101003,1.26771758212,2010
486,GBR,28134.2404878,male,0,0,0,1.13231230541,2.21340368366,1990
487,GBR,29695.0961198,female,0,0,0,1.13231230541,1.85253785737,1990
488,GBR,29752.5333672,male,0,0,0,2.01909669095,1.51807521093,2005
489,GBR,30850.6103296,female,0,0,0,2.01909669095,1.35821754364,2005
490,GBR,30726.391881,male,0,0,0,3.17567037686,1.49909738106,2010
491,GBR,31563.6337239,female,0,0,0,3.17567037686,1.30319973476,2010
492,GRC,5045.94942906,male,0,0,0,0.708851558379,3.20266793402,1990
493,GRC,5197.76726124,female,0,0,0,0.708851558379,1.47275873416,1990
494,GRC,5613.99209687,male,0,0,0,1.96192093332,2.95858295241,2005
495,GRC,5760.90445145,female,0,0,0,1.96192093332,1.6679408771,2005
496,GRC,5687.31799208,male,0,0,0,2.48558874204,2.98276461953,2010
497,GRC,5807.93565973,female,0,0,0,2.48558874204,1.61880111678,2010
498,IRL,1768.70716125,male,0,0,0,1.78442797255,1.91514965931,1990
499,IRL,1784.11013684,female,0,0,0,1.78442797255,1.68924708264,1990
500,IRL,2098.42963163,male,0,0,0,2.53238640206,1.59575031051,2005
501,IRL,2098.29561543,female,0,0,0,2.53238640206,1.52832453153,2005
502,IRL,2254.43991694,male,0,0,0,3.65432060986,1.67975392568,2010
503,IRL,2269.6158253,female,0,0,0,3.65432060986,1.58433501953,2010
504,ISL,128.708233955,male,0,0,0,4.58117407424,1.8168724402,1990
505,ISL,127.694041015,female,0,0,0,4.58117407424,1.79657353524,1990
506,ISL,150.33621028,male,0,0,0,5.6261797744,1.21052550946,2005
507,ISL,148.330162463,female,0,0,0,5.6261797744,1.07415526118,2005
508,ISL,164.485330438,male,0,0,0,6.19428096129,1.23324169211,2010
509,ISL,158.73310348,female,0,0,0,6.19428096129,1.00631778007,2010
510,ISR,2343.75338788,male,0,0,0,0.842557194734,2.04859633963,1990
511,ISR,2369.82967824,female,0,0,0,0.842557194734,1.27071525015,1990
512,ISR,3446.62199741,male,0,0,0,1.85496467174,1.7189794403,2005
513,ISR,3535.75690527,female,0,0,0,1.85496467174,1.0022829819,2005
514,ISR,3760.3105517,male,0,0,0,2.03728241696,1.754179769,2010
515,ISR,3832.99226855,female,0,0,0,2.03728241696,1.03305188304,2010
516,ITA,27912.1744835,male,0,0,0,0.760666444391,2.28261070726,1990
517,ITA,29616.6664133,female,0,0,0,0.760666444391,1.34858503163,1990
518,ITA,28772.59442,male,0,0,0,1.03873760412,1.80852386299,2005
519,ITA,30374.8377469,female,0,0,0,1.03873760412,1.13543646604,2005
520,ITA,29368.8022101,male,0,0,0,1.17891752388,1.80485550363,2010
521,ITA,30856.9507487,female,0,0,0,1.17891752388,1.11639965396,2010
522,LUX,188.444707905,male,0,0,0,6.455891496,1.90787593919,1990
523,LUX,196.395414453,female,0,0,0,6.455891496,1.77477868446,1990
524,LUX,227.98154705,male,0,0,0,8.42454101049,1.9195940386,2005
525,LUX,233.033927125,female,0,0,0,8.42454101049,1.66320271498,2005
526,LUX,250.281006451,male,0,0,0,8.03787096313,1.88860252137,2010
527,LUX,252.199277743,female,0,0,0,8.03787096313,1.56018900348,2010
528,MLT,182.597641363,male,0,0,0,2.04552991175,1.61100224291,1990
529,MLT,187.596033049,female,0,0,0,2.04552991175,1.1044801486,1990
530,MLT,204.559379259,male,0,0,0,4.75778042933,1.46900625634,2005
531,MLT,208.357721689,female,0,0,0,4.75778042933,1.18931659975,2005
532,MLT,208.090785426,male,0,0,0,4.78857107654,1.43624635596,2010
533,MLT,211.282857365,female,0,0,0,4.78857107654,1.19192341476,2010
534,NLD,7443.25725766,male,0,0,0,0.947307251467,2.5606255309,1990
535,NLD,7609.68584751,female,0,0,0,0.947307251467,1.7856324937,1990
536,NLD,8136.23226718,male,0,0,0,0.87643377958,1.88458866256,2005
537,NLD,8278.66147444,female,0,0,0,0.87643377958,1.53787509122,2005
538,NLD,8276.68233889,male,0,0,0,0.964303963644,1.92440675206,2010
539,NLD,8390.80398818,female,0,0,0,0.964303963644,1.55523630317,2010
540,NOR,2119.24299664,male,0,0,0,2.69613353818,2.09700475668,1990
541,NOR,2164.00765346,female,0,0,0,2.69613353818,2.12823522631,1990
542,NOR,2308.23040635,male,0,0,0,3.8944807852,1.63964033847,2005
543,NOR,2329.78230725,female,0,0,0,3.8944807852,1.53811147133,2005
544,NOR,2431.65290259,male,0,0,0,4.62745626584,1.73470602829,2010
545,NOR,2419.86802305,female,0,0,0,4.62745626584,1.62076765669,2010
546,PRT,4839.27224849,male,0,0,0,0.953836518175,1.99441488672,1990
547,PRT,5202.27497548,female,0,0,0,0.953836518175,0.483780459511,1990
548,PRT,5163.39622567,male,0,0,0,2.73795520967,1.77841892911,2005
549,PRT,5508.73296741,female,0,0,0,2.73795520967,0.677968614612,2005
550,PRT,5205.23017783,male,0,0,0,3.35251041096,1.76271436356,2010
551,PRT,5540.92165251,female,0,0,0,3.35251041096,0.636949445193,2010
552,SWE,4280.07453712,male,0,0,0,1.27054719099,1.57707082141,1990
553,SWE,4373.70555291,female,0,0,0,1.27054719099,1.50467731451,1990
554,SWE,4505.95043421,male,0,0,0,1.28922089377,0.933527734029,2005
555,SWE,4555.48384366,female,0,0,0,1.28922089377,1.08992074945,2005
556,SWE,4640.79607425,male,0,0,0,1.2827122458,1.01694414454,2010
557,SWE,4650.06583969,female,0,0,0,1.2827122458,1.13103486804,2010
558,BOL,3330.70654857,male,0,0,0,0.392013736691,2.77410668935,1990
559,BOL,3391.57541347,female,0,0,0,0.392013736691,1.24338234464,1990
560,BOL,4575.28570143,male,0,0,0,0.733229778393,2.86099244504,2005
561,BOL,4622.85025574,female,0,0,0,0.733229778393,1.05070195889,2005
562,BOL,4981.06132086,male,0,0,0,0.84310702772,2.54053850159,2010
563,BOL,5008.37085191,female,0,0,0,0.84310702772,0.83115014586,2010
564,ECU,5195.38866322,male,0,0,0,0.30709615576,2.00340058008,1990
565,ECU,5133.82438195,female,0,0,0,0.30709615576,0.655206266088,1990
566,ECU,6762.12014846,male,0,0,0,0.515253302158,1.41217981019,2005
567,ECU,6718.08596576,female,0,0,0,0.515253302158,0.400643120137,2005
568,ECU,7276.93057338,male,0,0,0,0.447618346558,1.52814388441,2010
569,ECU,7248.77153896,female,0,0,0,0.447618346558,0.431253847874,2010
570,PER,10959.3903415,male,0,0,0,0.217571661699,0.944620766444,1990
571,PER,10873.1956757,female,0,0,0,0.217571661699,0.476004239862,1990
572,PER,13892.5124616,male,0,0,0,0.348273835368,0.879057597733,2005
573,PER,13814.3394004,female,0,0,0,0.348273835368,0.443296868391,2005
574,PER,14649.7932117,male,0,0,0,0.427719203506,0.887710066443,2010
575,PER,14582.0307517,female,0,0,0,0.427719203506,0.428952142817,2010
576,COL,16565.7671556,male,0,0,0,0.47321101018,2.85219588284,1990
577,COL,16836.7112468,female,0,0,0,0.47321101018,1.08471190299,1990
578,COL,21288.6283718,male,0,0,0,0.382585475564,2.4164629523,2005
579,COL,21930.7476427,female,0,0,0,0.382585475564,0.770199051827,2005
580,COL,22853.9338881,male,0,0,0,0.438436135693,2.39477965777,2010
581,COL,23600.9734333,female,0,0,0,0.438436135693,0.737836954166,2010
582,CRI,1564.66523212,male,0,0,0,0.659165213314,1.23549673489,1990
583,CRI,1512.4747555,female,0,0,0,0.659165213314,0.778722951058,1990
584,CRI,2193.50751559,male,0,0,0,0.888392647024,1.30868268828,2005
585,CRI,2124.58985092,female,0,0,0,0.888392647024,0.671275375082,2005
586,CRI,2373.01515039,male,0,0,0,1.2769664911,1.28424934267,2010
587,CRI,2301.3826901,female,0,0,0,1.2769664911,0.674856321636,2010
588,GTM,4546.52639077,male,0,0,0,0.226863839162,2.30865399185,1990
589,GTM,4477.85524004,female,0,0,0,0.226863839162,1.19546550616,1990
590,GTM,6253.70659492,male,0,0,0,0.451256179051,1.30731174682,2005
591,GTM,6553.80133277,female,0,0,0,0.451256179051,0.272401676042,2005
592,GTM,7065.79485442,male,0,0,0,0.623355965522,1.41617561782,2010
593,GTM,7421.91913587,female,0,0,0,0.623355965522,0.337981406703,2010
594,HND,2472.91134543,male,0,0,0,0.225492693153,2.44732725389,1990
595,HND,2459.25736824,female,0,0,0,0.225492693153,0.47977364066,1990
596,HND,3452.15636838,male,0,0,0,0.653205711038,2.33622341284,2005
597,HND,3467.84741638,female,0,0,0,0.653205711038,0.328110167927,2005
598,HND,3821.87969578,male,0,0,0,0.605209415113,2.33431102646,2010
599,HND,3822.41608333,female,0,0,0,0.605209415113,0.326160009462,2010
600,MEX,42051.6835941,male,0,0,0,0.333448276194,2.48313225176,1990
601,MEX,42701.4564946,female,0,0,0,0.333448276194,1.00490662963,1990
602,MEX,52816.3039834,male,0,0,0,0.324378093799,1.80908570574,2005
603,MEX,54165.7154347,female,0,0,0,0.324378093799,0.608708520563,2005
604,MEX,56166.1049456,male,0,0,0,0.203850579535,1.84763953622,2010
605,MEX,57710.630856,female,0,0,0,0.203850579535,0.580286587796,2010
606,NIC,2074.14852012,male,0,0,0,0.190578985837,2.95882889964,1990
607,NIC,2083.5079081,female,0,0,0,0.190578985837,0.520696913224,1990
608,NIC,2704.22438798,male,0,0,0,0.530045184062,2.72388286584,2005
609,NIC,2742.21685729,female,0,0,0,0.530045184062,0.419544097137,2005
610,NIC,2870.48886228,male,0,0,0,0.687483673963,2.72362324485,2010
611,NIC,2930.41204879,female,0,0,0,0.687483673963,0.422410849034,2010
612,PAN,1229.15253478,male,0,0,0,0.692920147612,1.22378662313,1990
613,PAN,1200.42213249,female,0,0,0,0.692920147612,0.38524343889,1990
614,PAN,1640.40928575,male,0,0,0,1.09756973361,1.23111657265,2005
615,PAN,1613.21861021,female,0,0,0,1.09756973361,0.40283403612,2005
616,PAN,1780.35604034,male,0,0,0,1.24836830292,1.23662299269,2010
617,PAN,1752.63275177,female,0,0,0,1.24836830292,0.396808915627,2010
618,SLV,2610.98300247,male,0,0,0,0.258490919804,1.43903842113,1990
619,SLV,2757.32334469,female,0,0,0,0.258490919804,1.26156136498,1990
620,SLV,2903.25539133,male,0,0,0,0.399911400242,1.35919190083,2005
621,SLV,3172.37570949,female,0,0,0,0.399911400242,1.18774028107,2005
622,SLV,2951.64322512,male,0,0,0,0.504286883253,1.35005927092,2010
623,SLV,3263.92527594,female,0,0,0,0.504286883253,1.15859657216,2010
624,VEN,9959.27584363,male,0,0,0,0.328759575406,1.39994720723,1990
625,VEN,9790.63679052,female,0,0,0,0.328759575406,0.983794338817,1990
626,VEN,13461.6361592,male,0,0,0,0.603095994573,1.32020800115,2005
627,VEN,13329.452036,female,0,0,0,0.603095994573,0.981721342121,2005
628,VEN,14604.3875771,male,0,0,0,0.794598012536,1.31895461796,2010
629,VEN,14500.586932,female,0,0,0,0.794598012536,0.977054075982,2010
630,ARG,16130.9349935,male,0,0,0,0.617742170736,2.14779967417,1990
631,ARG,16767.1658543,female,0,0,0,0.617742170736,1.67354743602,1990
632,ARG,19080.7693011,male,0,0,0,0.757449921423,1.70728620639,2005
633,ARG,19913.1952197,female,0,0,0,0.757449921423,1.5899776808,2005
634,ARG,19902.5110344,male,0,0,0,0.833876706468,1.83602315518,2010
635,ARG,20759.6939548,female,0,0,0,0.833876706468,1.61096234982,2010
636,CHL,6543.29736,male,0,0,0,0.30760337669,2.13363947671,1990
637,CHL,6709.58167662,female,0,0,0,0.30760337669,1.73276124005,1990
638,CHL,7782.73145147,male,0,0,0,0.519344059573,1.91318659426,2005
639,CHL,8012.91743508,female,0,0,0,0.519344059573,1.66895255509,2005
640,CHL,8120.72741934,male,0,0,0,0.588470437147,1.88976515229,2010
641,CHL,8347.21448388,female,0,0,0,0.588470437147,1.62899353105,2010
642,URY,1522.05398226,male,0,0,0,0.685594310365,2.15107709025,1990
643,URY,1618.22311562,female,0,0,0,0.685594310365,1.30388491216,1990
644,URY,1620.27966177,male,0,0,0,1.57697598696,2.04695535263,2005
645,URY,1735.91637388,female,0,0,0,1.57697598696,1.35819091816,2005
646,URY,1640.34738989,male,0,0,0,1.79742464976,2.04196131513,2010
647,URY,1755.44556773,female,0,0,0,1.79742464976,1.33207123199,2010
648,BRA,74623.8693946,male,0,0,0,0.326850280362,1.76100879848,1990
649,BRA,75619.3393778,female,0,0,0,0.326850280362,1.27929953055,1990
650,BRA,91979.7234324,male,0,0,0,0.607298780459,1.32132266108,2005
651,BRA,94555.2255975,female,0,0,0,0.607298780459,0.827336655071,2005
652,BRA,96343.2830685,male,0,0,0,0.672011373739,1.25122138237,2010
653,BRA,99425.0041762,female,0,0,0,0.672011373739,0.755247671459,2010
654,PRY,2161.59385971,male,0,0,0,1.14609936753,2.19378472126,1990
655,PRY,2115.30196181,female,0,0,0,1.14609936753,0.736383248084,1990
656,PRY,2999.43881658,male,0,0,0,1.75289505081,2.31187098163,2005
657,PRY,2932.56132504,female,0,0,0,1.75289505081,0.873933050256,2005
658,PRY,3275.4895694,male,0,0,0,1.68659206562,2.29601636569,2010
659,PRY,3214.00955618,female,0,0,0,1.68659206562,0.853732479063,2010
660,AFG,7071.16361646,male,0,0,0,0.188562473361,1.62608756298,1990
661,AFG,6577.53741859,female,0,0,0,0.188562473361,0.240713094719,1990
662,AFG,14512.5522653,male,0,0,0,0.195070434041,1.57921178077,2005
663,AFG,13542.9838987,female,0,0,0,0.195070434041,0.212388421672,2005
664,AFG,16572.4829244,male,0,0,0,0.204818972882,1.57978391269,2010
665,AFG,15479.6090976,female,0,0,0,0.204818972882,0.212140272198,2010
666,ARE,1184.0868054,male,0,0,0,0.963458595428,1.31337472965,1990
667,ARE,622.731820948,female,0,0,0,0.963458595428,0.0962746355311,1990
668,ARE,2792.93789715,male,0,0,0,1.08266925969,1.31723542426,2005
669,ARE,1293.85829392,female,0,0,0,1.08266925969,0.148212815033,2005
670,ARE,5219.34488486,male,0,0,0,1.45199207634,1.28707087638,2010
671,ARE,2283.93450074,female,0,0,0,1.45199207634,0.129960461804,2010
672,BHR,287.135386766,male,0,0,0,0.471978009709,1.49977147053,1990
673,BHR,210.885406715,female,0,0,0,0.471978009709,0.310087811912,1990
674,BHR,424.962218427,male,0,0,0,0.845546911595,1.36332462661,2005
675,BHR,316.118171989,female,0,0,0,0.845546911595,0.510838129757,2005
676,BHR,794.433153206,male,0,0,0,1.04736310908,1.36386340899,2010
677,BHR,480.025924059,female,0,0,0,1.04736310908,0.457792650693,2010
678,DZA,12811.2554203,male,0,0,0,0.312274895197,1.79310937978,1990
679,DZA,12630.4937971,female,0,0,0,0.312274895197,0.0511615819414,1990
680,DZA,16685.0398196,male,0,0,0,0.566067492135,1.68386981874,2005
681,DZA,16389.8006909,female,0,0,0,0.566067492135,0.0434711595172,2005
682,DZA,17997.1857701,male,0,0,0,0.762687080614,1.688631312,2010
683,DZA,17668.4138673,female,0,0,0,0.762687080614,0.0430640469019,2010
684,EGY,28730.0954536,male,0,0,0,0.116294487564,2.23380147746,1990
685,EGY,28424.6985873,female,0,0,0,0.116294487564,0.191973777106,1990
686,EGY,37526.1640869,male,0,0,0,0.0863993808273,2.0331430464,2005
687,EGY,37147.2191054,female,0,0,0,0.0863993808273,0.0931111223512,2005
688,EGY,40948.3063407,male,0,0,0,0.0644786393441,2.14879596353,2010
689,EGY,40643.6984019,female,0,0,0,0.0644786393441,0.0770105952903,2010
690,IRN,27668.390222,male,0,0,0,0.104693698852,1.63271514137,1990
691,IRN,27138.4610556,female,0,0,0,0.104693698852,0.257537731043,1990
692,IRN,35937.9433077,male,0,0,0,0.11425666906,1.53364804806,2005
693,IRN,34632.8279135,female,0,0,0,0.11425666906,0.263798040267,2005
694,IRN,37760.6936686,male,0,0,0,0.192943267677,1.52048495226,2010
695,IRN,36608.3400298,female,0,0,0,0.192943267677,0.265095833856,2010
696,IRQ,8679.12412844,male,0,0,0,0.341704705769,1.83240551961,1990
697,IRQ,8816.89669229,female,0,0,0,0.341704705769,0.352317160845,1990
698,IRQ,13823.6018633,male,0,0,0,0.402355407865,1.60443644466,2005
699,IRQ,13745.0118383,female,0,0,0,0.402355407865,0.336540936644,2005
700,IRQ,15973.8691252,male,0,0,0,0.46257655294,1.70981702596,2010
701,IRQ,15883.6113368,female,0,0,0,0.46257655294,0.359382692278,2010
702,JOR,1781.09131961,male,0,0,0,0.322028245076,2.17671025219,1990
703,JOR,1616.21777979,female,0,0,0,0.322028245076,1.01516461478,1990
704,JOR,2786.96564206,male,0,0,0,0.956523826893,2.09403551925,2005
705,JOR,2600.61770238,female,0,0,0,0.956523826893,0.787888975637,2005
706,JOR,3153.95796749,male,0,0,0,1.33877459163,2.25048846456,2010
707,JOR,2978.11472046,female,0,0,0,1.33877459163,0.519494705108,2010
708,KWT,1102.77482855,male,0,0,0,2.65904043037,1.75246314759,1990
709,KWT,968.291520776,female,0,0,0,2.65904043037,0.268690715915,1990
710,KWT,1365.51527348,male,0,0,0,2.45471561988,1.68643033249,2005
711,KWT,912.510243558,female,0,0,0,2.45471561988,0.238001510704,2005
712,KWT,1613.85217404,male,0,0,0,2.37366336484,1.68548562435,2010
713,KWT,1084.31915849,female,0,0,0,2.37366336484,0.24003479482,2010
714,LBN,1450.01656951,male,0,0,0,1.02900556026,3.43188064453,1990
715,LBN,1535.95769383,female,0,0,0,1.02900556026,2.40593176264,1990
716,LBN,1997.64531721,male,0,0,0,2.18870642128,2.89740310488,2005
717,LBN,2088.19775551,female,0,0,0,2.18870642128,1.95009290321,2005
718,LBN,2080.90679489,male,0,0,0,2.76348120604,2.78123442061,2010
719,LBN,2178.73368568,female,0,0,0,2.76348120604,1.76844770038,2010
720,LBY,2283.64403878,male,0,0,0,0.535557259746,1.98387846222,1990
721,LBY,2070.69735548,female,0,0,0,0.535557259746,0.356768191984,1990
722,LBY,2957.74956619,male,0,0,0,0.997891886173,1.82390792997,2005
723,LBY,2837.04389083,female,0,0,0,0.997891886173,0.27959556034,2005
724,LBY,3235.51913146,male,0,0,0,1.49908527159,1.80181054153,2010
725,LBY,3142.93895608,female,0,0,0,1.49908527159,0.266978354577,2010
726,MAR,12442.3835244,male,0,0,0,0.177667532745,1.61541349829,1990
727,MAR,12492.8017334,female,0,0,0,0.177667532745,0.0676261470063,1990
728,MAR,15080.8312245,male,0,0,0,0.372510473388,1.55156825971,2005
729,MAR,15533.2400909,female,0,0,0,0.372510473388,0.0517808319407,2005
730,MAR,15752.9534735,male,0,0,0,0.477113449797,1.54667553442,2010
731,MAR,16359.4571271,female,0,0,0,0.477113449797,0.0519378139659,2010
732,OMN,1047.0958412,male,0,0,0,0.310234327528,1.31889143886,1990
733,OMN,841.095840349,female,0,0,0,0.310234327528,0.239148355872,1990
734,OMN,1345.67327428,male,0,0,0,0.477463968326,1.00096930779,2005
735,OMN,1098.37057306,female,0,0,0,0.477463968326,0.119576407256,2005
736,OMN,1618.25926451,male,0,0,0,0.578719836433,1.03977039421,2010
737,OMN,1131.00204597,female,0,0,0,0.578719836433,0.14947971404,2010
738,PSE,1068.42992118,male,0,0,0,0.616538036497,1.80510618929,1990
739,PSE,1042.27637461,female,0,0,0,0.616538036497,0.282918686504,1990
740,PSE,1817.79794918,male,0,0,0,0.964104649187,1.76117428261,2005
741,PSE,1765.34453259,female,0,0,0,0.964104649187,0.252044889998,2005
742,PSE,2062.97271474,male,0,0,0,1.07046984032,1.75224012535,2010
743,PSE,2001.95283105,female,0,0,0,1.07046984032,0.247526577625,2010
744,QAT,318.269181045,male,0,0,0,0.457265853588,1.84391187876,1990
745,QAT,156.767771549,female,0,0,0,0.457265853588,0.301760374426,1990
746,QAT,555.751872479,male,0,0,0,0.753099367922,1.77119060769,2005
747,QAT,271.581861768,female,0,0,0,0.753099367922,0.266117521217,2005
748,QAT,1332.6442017,male,0,0,0,0.921410117829,1.76003737461,2010
749,QAT,429.290369407,female,0,0,0,0.921410117829,0.254555230512,2010
750,SAU,9076.78444871,male,0,0,0,0.741525383568,0.91458199012,1990
751,SAU,7117.03575941,female,0,0,0,0.741525383568,0.606409293029,1990
752,SAU,13520.7011562,male,0,0,0,1.01403635722,1.20100283883,2005
753,SAU,10588.6405938,female,0,0,0,1.01403635722,0.259898440871,2005
754,SAU,15066.176568,male,0,0,0,1.44004695472,1.1904316207,2010
755,SAU,12121.8977028,female,0,0,0,1.44004695472,0.280843279975,2010
756,SYR,6231.5652442,male,0,0,0,0.294300167595,2.79405734206,1990
757,SYR,6150.42174392,female,0,0,0,0.294300167595,0.578806603719,1990
758,SYR,9272.03989905,male,0,0,0,0.565584326399,2.79241003714,2005
759,SYR,8968.21080984,female,0,0,0,0.565584326399,0.595459104058,2005
760,SYR,10244.986144,male,0,0,0,0.658560397029,2.76647758676,2010
761,SYR,10016.8162782,female,0,0,0,0.658560397029,0.570791445207,2010
762,TUN,4162.75340701,male,0,0,0,0.215102224301,2.75782976623,1990
763,TUN,4097.95015798,female,0,0,0,0.215102224301,0.115666509666,1990
764,TUN,5011.38443905,male,0,0,0,0.355650532166,2.82982366529,2005
765,TUN,4997.41083394,female,0,0,0,0.355650532166,0.178055745157,2005
766,TUN,5281.16102072,male,0,0,0,0.444233437238,2.74429842651,2010
767,TUN,5281.78307654,female,0,0,0,0.444233437238,0.152326817236,2010
768,TUR,27305.3709004,male,0,0,0,0.224413645918,2.81182384797,1990
769,TUR,27245.4812007,female,0,0,0,0.224413645918,0.832381596875,1990
770,TUR,34234.2582278,male,0,0,0,0.352957037826,2.70506564629,2005
771,TUR,34390.1063141,female,0,0,0,0.352957037826,0.82642701134,2005
772,TUR,36459.024951,male,0,0,0,0.39783578072,2.65405975571,2010
773,TUR,36710.0579536,female,0,0,0,0.39783578072,0.767393448278,2010
774,YEM,6005.67652299,male,0,0,0,0.125402470976,1.76594484659,1990
775,YEM,6062.23525143,female,0,0,0,0.125402470976,0.28695280324,1990
776,YEM,10456.279105,male,0,0,0,0.231276936165,1.66846133754,2005
777,YEM,10336.1201051,female,0,0,0,0.231276936165,0.234187013562,2005
778,YEM,12184.3753143,male,0,0,0,0.328470225797,1.65996135612,2010
779,YEM,12030.0351872,female,0,0,0,0.328470225797,0.233678128434,2010
780,CAN,13808.8804209,male,0,0,0,0.916241687761,1.83950982948,1990
781,CAN,14041.0806111,female,0,0,0,0.916241687761,1.64313924245,1990
782,CAN,16092.3764515,male,0,0,0,0.852577900902,1.0396766635,2005
783,CAN,16323.3593619,female,0,0,0,0.852577900902,0.864299590555,2005
784,CAN,16665.3468077,male,0,0,0,0.978888283596,1.00661418033,2010
785,CAN,16838.7139778,female,0,0,0,0.978888283596,0.814201628849,2010
786,USA,122815.419452,male,0,0,0,1.02534917091,1.50775431744,1990
787,USA,129031.637219,female,0,0,0,1.02534917091,1.37514182695,1990
788,USA,146813.709149,male,0,0,0,1.46377224807,1.17492314052,2005
789,USA,150817.022083,female,0,0,0,1.46377224807,0.975082892413,2005
790,USA,152019.267698,male,0,0,0,1.55171803417,1.16177080774,2010
791,USA,155341.876578,female,0,0,0,1.55171803417,0.930917872886,2010
792,FJI,373.645774696,male,0,0,0,0.341467590294,2.85602787608,1990
793,FJI,362.115310111,female,0,0,0,0.341467590294,1.37266055785,1990
794,FJI,423.831145513,male,0,0,0,0.678117956339,2.89804365076,2005
795,FJI,407.865934329,female,0,0,0,0.678117956339,1.30061763632,2005
796,FJI,442.105600176,male,0,0,0,0.789773228084,2.88894270065,2010
797,FJI,424.881827129,female,0,0,0,0.789773228084,1.31010795925,2010
798,FSM,49.4503772177,male,0,0,0,0.275043641845,2.53738884268,1990
799,FSM,47.3510655728,female,0,0,0,0.275043641845,1.04747901222,1990
800,FSM,56.2362807281,male,0,0,0,0.500973452222,2.26287247173,2005
801,FSM,54.5099881683,female,0,0,0,0.500973452222,0.969686218992,2005
802,FSM,57.1828889531,male,0,0,0,0.608551025085,2.28161726096,2010
803,FSM,54.9963717014,female,0,0,0,0.608551025085,0.979677813964,2010
804,KIR,36.2920315308,male,0,0,0,0.0841691207781,4.52895263689,1990
805,KIR,33.973172259,female,0,0,0,0.0841691207781,2.55122800003,1990
806,KIR,44.9253846348,male,0,0,0,0.370929016262,4.12607347284,2005
807,KIR,43.3695026721,female,0,0,0,0.370929016262,2.47323826851,2005
808,KIR,48.2455113614,male,0,0,0,0.574436637473,4.11865759973,2010
809,KIR,46.6774658074,female,0,0,0,0.574436637473,2.47067211377,2010
810,MHL,24.5292563844,male,0,0,0,0.387446686451,1.43047083806,1990
811,MHL,23.0127307883,female,0,0,0,0.387446686451,0.536733439851,1990
812,MHL,30.0198209054,male,0,0,0,0.671529582585,1.37361839822,2005
813,MHL,28.9882042561,female,0,0,0,0.671529582585,0.500936971161,2005
814,MHL,32.6903797613,male,0,0,0,0.775663139083,1.38282070565,2010
815,MHL,31.6476572346,female,0,0,0,0.775663139083,0.506955141953,2010
816,PNG,2142.11641944,male,0,0,0,0.123502798009,3.09877896627,1990
817,PNG,2045.2114126,female,0,0,0,0.123502798009,1.72173080007,1990
818,PNG,3122.34013424,male,0,0,0,0.193330899932,3.11971561917,2005
819,PNG,3003.42836122,female,0,0,0,0.193330899932,1.60909590367,2005
820,PNG,3507.67123998,male,0,0,0,0.225533930627,3.10248893358,2010
821,PNG,3372.99145762,female,0,0,0,0.225533930627,1.61119990325,2010
822,SLB,163.659187887,male,0,0,0,0.42693500421,2.80538237717,1990
823,SLB,152.399467987,female,0,0,0,0.42693500421,1.39986814309,1990
824,SLB,245.33020023,male,0,0,0,0.489321803959,2.65548232352,2005
825,SLB,228.914874567,female,0,0,0,0.489321803959,1.352917268,2005
826,SLB,280.231058187,male,0,0,0,0.661708878165,2.64855238798,2010
827,SLB,261.826650897,female,0,0,0,0.661708878165,1.36410741572,2010
828,TON,49.0173316052,male,0,0,0,0.565087414838,3.721827835,1990
829,TON,47.8348515329,female,0,0,0,0.565087414838,0.896225932902,1990
830,TON,50.8828849215,male,0,0,0,1.04277200365,3.48905525268,2005
831,TON,50.8085436247,female,0,0,0,1.04277200365,0.694044357413,2005
832,TON,52.4042533882,male,0,0,0,1.23550908396,3.50662671567,2010
833,TON,52.3989263986,female,0,0,0,1.23550908396,0.710149162602,2010
834,VUT,76.1792881161,male,0,0,0,0.573058618552,2.9326428754,1990
835,VUT,71.9906489383,female,0,0,0,0.573058618552,0.444810910519,1990
836,VUT,108.331235027,male,0,0,0,0.480268116554,2.78937829753,2005
837,VUT,103.885543975,female,0,0,0,0.480268116554,0.401066284758,2005
838,VUT,122.608475624,male,0,0,0,0.741099263004,2.79694580049,2010
839,VUT,118.011464982,female,0,0,0,0.741099263004,0.406294084943,2010
840,WSM,86.3509687397,male,0,0,0,0.603317989641,3.58690872051,1990
841,WSM,78.2211142685,female,0,0,0,0.603317989641,1.36099042944,1990
842,WSM,94.3216817515,male,0,0,0,1.56586936064,2.82027658045,2005
843,WSM,87.8286688431,female,0,0,0,1.56586936064,1.35170120561,2005
844,WSM,95.2886135943,male,0,0,0,1.89200966916,2.85536192318,2010
845,WSM,89.2349519385,female,0,0,0,1.89200966916,1.31180305915,2010
846,AGO,5164.47657537,male,0,0,0,0.0638856444687,0.72732841873,1990
847,AGO,5317.36855134,female,0,0,0,0.0638856444687,0.151353258814,1990
848,AGO,8207.19992014,male,0,0,0,0.150011620844,0.721457410126,2005
849,AGO,8395.34968236,female,0,0,0,0.150011620844,0.147332576663,2005
850,AGO,9539.08048222,male,0,0,0,0.216977154783,0.729754676881,2010
851,AGO,9720.43599805,female,0,0,0,0.216977154783,0.150299494519,2010
852,CAF,1453.97812482,male,0,0,0,0.141760002307,0.705129131416,1990
853,CAF,1504.03987823,female,0,0,0,0.141760002307,0.140333478059,1990
854,CAF,1994.18862433,male,0,0,0,0.0967884750965,0.701975275614,2005
855,CAF,2055.30083303,female,0,0,0,0.0967884750965,0.142289182747,2005
856,CAF,2185.56285333,male,0,0,0,0.062900412487,0.70583136717,2010
857,CAF,2247.73341769,female,0,0,0,0.062900412487,0.138235376694,2010
858,COD,18237.7566915,male,0,0,0,0.0743676605126,0.654128926961,1990
859,COD,18698.7286608,female,0,0,0,0.0743676605126,0.105187812818,1990
860,COD,29018.1781868,male,0,0,0,0.0725504624941,0.645878593255,2005
861,COD,29341.0539263,female,0,0,0,0.0725504624941,0.101989542105,2005
862,COD,33344.8024857,male,0,0,0,0.0777511952498,0.653869757246,2010
863,COD,33657.0434245,female,0,0,0,0.0777511952498,0.107718537619,2010
864,COG,1199.05355805,male,0,0,0,0.400184942153,0.913892299931,1990
865,COG,1207.43185238,female,0,0,0,0.400184942153,0.145966680512,1990
866,COG,1779.24209886,male,0,0,0,0.363401802685,0.876436612555,2005
867,COG,1778.91266021,female,0,0,0,0.363401802685,0.143689547613,2005
868,COG,2036.32431797,male,0,0,0,0.387582082824,0.856730643499,2010
869,COG,2032.88286228,female,0,0,0,0.387582082824,0.140927108931,2010
870,GAB,464.083444066,male,0,0,0,0.207081535619,0.997712515176,1990
871,GAB,473.937032202,female,0,0,0,0.207081535619,0.325811134443,1990
872,GAB,688.284507463,male,0,0,0,0.441546815811,0.979078921174,2005
873,GAB,689.234273011,female,0,0,0,0.441546815811,0.320199448989,2005
874,GAB,758.698963134,male,0,0,0,0.71527085849,0.976351930483,2010
875,GAB,755.159881531,female,0,0,0,0.71527085849,0.323778337708,2010
876,GNQ,193.075552072,male,0,0,0,0.177035912102,0.754484738636,1990
877,GNQ,185.224281385,female,0,0,0,0.177035912102,0.160544008987,1990
878,GNQ,313.265418304,male,0,0,0,0.23079995605,0.755242256107,2005
879,GNQ,297.789226481,female,0,0,0,0.23079995605,0.158775386656,2005
880,GNQ,359.824584519,male,0,0,0,0.267235326154,0.757216558016,2010
881,GNQ,342.454100272,female,0,0,0,0.267235326154,0.16026260474,2010
882,BDI,2765.4611446,male,0,0,0,0.0573965155687,1.89006764482,1990
883,BDI,2900.17787966,female,0,0,0,0.0573965155687,0.414997548217,1990
884,BDI,3578.89592873,male,0,0,0,0.0684126256293,1.69057546845,2005
885,BDI,3744.0587383,female,0,0,0,0.0684126256293,0.384710116986,2005
886,BDI,4157.97740245,male,0,0,0,0.0716789772114,1.6743581142,2010
887,BDI,4306.46852828,female,0,0,0,0.0716789772114,0.393641431189,2010
888,COM,221.098867432,male,0,0,0,0.0684957878684,1.89886267266,1990
889,COM,220.390977346,female,0,0,0,0.0684957878684,1.11435338654,1990
890,COM,327.059968363,male,0,0,0,0.0815017435051,1.8890139076,2005
891,COM,323.49467271,female,0,0,0,0.0815017435051,1.12767162314,2005
892,COM,373.710652785,male,0,0,0,0.0785457039144,1.89584040991,2010
893,COM,368.479426821,female,0,0,0,0.0785457039144,1.09916469191,2010
894,DJI,280.963752193,male,0,0,0,0.209172275548,2.60111742556,1990
895,DJI,282.148701372,female,0,0,0,0.209172275548,1.01379489178,1990
896,DJI,408.139774503,male,0,0,0,0.274721302257,2.54257652414,2005
897,DJI,408.00099078,female,0,0,0,0.274721302257,1.00412081694,2005
898,DJI,449.101917599,male,0,0,0,0.308857683189,2.50757313373,2010
899,DJI,448.438466005,female,0,0,0,0.308857683189,0.996275190533,2010
900,ERI,1558.92086463,male,0,0,0,0.0502644944499,0.863704655485,1990
901,ERI,1618.91627682,female,0,0,0,0.0502644944499,0.0565405110595,1990
902,ERI,2211.80906898,male,0,0,0,0.0672480793651,0.817341355096,2005
903,ERI,2297.88578935,female,0,0,0,0.0672480793651,0.0541109856467,2005
904,ERI,2596.08857053,male,0,0,0,0.0766955159168,0.810139415462,2010
905,ERI,2678.76628261,female,0,0,0,0.0766955159168,0.0550454091251,2010
906,ETH,24164.3087905,male,0,0,0,0.127822423405,0.624839414209,1990
907,ETH,24555.3776333,female,0,0,0,0.127822423405,0.113708796785,1990
908,ETH,37159.2299685,male,0,0,0,0.0772322903693,0.564560387908,2005
909,ETH,37554.9655175,female,0,0,0,0.0772322903693,0.109036850879,2005
910,ETH,41521.5846395,male,0,0,0,0.0564250981408,0.596445370505,2010
911,ETH,41923.2519986,female,0,0,0,0.0564250981408,0.114174544574,2010
912,KEN,11725.9715396,male,0,0,0,0.0734569996296,2.0902153044,1990
913,KEN,11803.859983,female,0,0,0,0.0734569996296,0.456150386572,1990
914,KEN,17943.2063777,male,0,0,0,0.0757772948303,1.47181312347,2005
915,KEN,17979.9770284,female,0,0,0,0.0757772948303,0.251648644188,2005
916,KEN,20436.8359654,male,0,0,0,0.0812240778472,1.4293280183,2010
917,KEN,20469.2017844,female,0,0,0,0.0812240778472,0.231581286138,2010
918,MDG,5711.77456147,male,0,0,0,0.233945000729,2.47823713469,1990
919,MDG,5697.00124181,female,0,0,0,0.233945000729,0.33598391355,1990
920,MDG,8969.87678172,male,0,0,0,0.325061948576,2.16957281842,2005
921,MDG,9030.9101166,female,0,0,0,0.325061948576,0.226542481733,2005
922,MDG,10381.3918189,male,0,0,0,0.364551640917,1.91231946104,2010
923,MDG,10450.6663255,female,0,0,0,0.364551640917,0.129909647752,2010
924,MOZ,6555.93466984,male,0,0,0,0.0659840820595,1.29881199103,1990
925,MOZ,7145.5399671,female,0,0,0,0.0659840820595,0.252515610434,1990
926,MOZ,10094.7307248,male,0,0,0,0.101877179381,1.28076955038,2005
927,MOZ,10773.7372679,female,0,0,0,0.101877179381,0.265704149358,2005
928,MOZ,11445.7053884,male,0,0,0,0.134492584816,1.29810813067,2010
929,MOZ,12069.4587627,female,0,0,0,0.134492584816,0.265082347374,2010
930,MWI,4656.05541236,male,0,0,0,0.0568928685536,2.01978662254,1990
931,MWI,4820.78015966,female,0,0,0,0.0568928685536,0.687428589004,1990
932,MWI,6482.05142952,male,0,0,0,0.0699112641616,1.87808405778,2005
933,MWI,6525.58269152,female,0,0,0,0.0699112641616,0.612177919893,2005
934,MWI,7554.34629075,male,0,0,0,0.0793292159194,1.77983938493,2010
935,MWI,7550.66680345,female,0,0,0,0.0793292159194,0.585908702316,2010
936,RWA,3499.62167907,male,0,0,0,0.101980960357,1.871827959,1990
937,RWA,3601.47381839,female,0,0,0,0.101980960357,0.537609639272,1990
938,RWA,4547.54132263,male,0,0,0,0.118540555311,1.82004487066,2005
939,RWA,4739.14765481,female,0,0,0,0.118540555311,0.376991988719,2005
940,RWA,5288.5597815,male,0,0,0,0.131814898174,1.8276609764,2010
941,RWA,5480.87109875,female,0,0,0,0.131814898174,0.378990277027,2010
942,SDN,13516.1947189,male,0,0,0,0.0688109108985,1.22451088131,1990
943,SDN,13376.8456091,female,0,0,0,0.0688109108985,0.126034051903,1990
944,SDN,19515.6686641,male,0,0,0,0.0913994245431,1.27474048119,2005
945,SDN,19229.9763575,female,0,0,0,0.0913994245431,0.172522776355,2005
946,SDN,22107.2815287,male,0,0,0,0.137111164411,1.27428911162,2010
947,SDN,21767.7425887,female,0,0,0,0.137111164411,0.175616706776,2010
948,SOM,3332.3160939,male,0,0,0,0.0835594934549,2.10642313665,1990
949,SOM,3399.37068909,female,0,0,0,0.0835594934549,0.645572309979,1990
950,SOM,4217.49542311,male,0,0,0,0.085425489151,1.91827959731,2005
951,SOM,4287.42598401,female,0,0,0,0.085425489151,0.56129102265,2005
952,SOM,4722.94516504,male,0,0,0,0.0904928874076,1.86094668038,2010
953,SOM,4792.291719,female,0,0,0,0.0904928874076,0.57149458352,2010
954,TZA,12728.6652067,male,0,0,0,0.0470776624634,2.16470253976,1990
955,TZA,12956.0731364,female,0,0,0,0.0470776624634,0.362855846253,1990
956,TZA,19553.4206129,male,0,0,0,0.0674439573663,1.75622200199,2005
957,TZA,19669.1821704,female,0,0,0,0.0674439573663,0.222223815332,2005
958,TZA,22610.1312689,male,0,0,0,0.0770762752595,1.73747100316,2010
959,TZA,22643.2487078,female,0,0,0,0.0770762752595,0.209307925836,2010
960,UGA,8893.56853855,male,0,0,0,0.0750831306855,1.71252091114,1990
961,UGA,8982.09826308,female,0,0,0,0.0750831306855,0.212295936488,1990
962,UGA,14336.9405507,male,0,0,0,0.153084499944,1.54865371733,2005
963,UGA,14432.1537928,female,0,0,0,0.153084499944,0.165918813413,2005
964,UGA,16886.323502,male,0,0,0,0.134454783798,1.53127255883,2010
965,UGA,16910.1169169,female,0,0,0,0.134454783798,0.159827309731,2010
966,ZMB,3939.43011665,male,0,0,0,0.0573678555243,1.82413717986,1990
967,ZMB,3979.77733512,female,0,0,0,0.0573678555243,0.245743045024,1990
968,ZMB,5816.40389732,male,0,0,0,0.0718054387981,1.70361617729,2005
969,ZMB,5804.5943261,female,0,0,0,0.0718054387981,0.183351395189,2005
970,ZMB,6668.90722435,male,0,0,0,0.083822725997,1.70910932972,2010
971,ZMB,6631.47154757,female,0,0,0,0.083822725997,0.158658324799,2010
972,BWA,686.420249197,male,0,0,0,0.590058767186,1.78602736311,1990
973,BWA,703.108672088,female,0,0,0,0.590058767186,0.586099697263,1990
974,BWA,945.501439621,male,0,0,0,0.71858360223,1.68571049684,2005
975,BWA,941.567642782,female,0,0,0,0.71858360223,0.508554791768,2005
976,BWA,1015.21028274,male,0,0,0,0.734288206891,1.69589135836,2010
977,BWA,999.210574252,female,0,0,0,0.734288206891,0.517176528356,2010
978,LSO,783.14882473,male,0,0,0,0.0724040694616,3.06581373379,1990
979,LSO,870.453322254,female,0,0,0,0.0724040694616,0.147781288207,1990
980,LSO,1011.88425868,male,0,0,0,0.0882097059335,3.10557324724,2005
981,LSO,1069.78157543,female,0,0,0,0.0882097059335,0.0808774290998,2005
982,LSO,1073.26458585,male,0,0,0,0.107185816861,2.7414361874,2010
983,LSO,1110.56212346,female,0,0,0,0.107185816861,0.0669535693293,2010
984,NAM,697.727119202,male,0,0,0,0.575730119572,2.52776652958,1990
985,NAM,727.878250952,female,0,0,0,0.575730119572,1.15286121812,1990
986,NAM,1033.94849278,male,0,0,0,0.851409505807,2.17750572225,2005
987,NAM,1055.60143362,female,0,0,0,0.851409505807,0.985809165609,2005
988,NAM,1136.69674646,male,0,0,0,1.0154178126,2.1508496906,2010
989,NAM,1152.48382742,female,0,0,0,1.0154178126,0.950654235604,2010
990,SWZ,410.030858633,male,0,0,0,0.25175202927,1.08381349612,1990
991,SWZ,458.592584562,female,0,0,0,0.25175202927,0.329319370872,1990
992,SWZ,543.151170705,male,0,0,0,0.212309760024,1.0954058691,2005
993,SWZ,568.144911313,female,0,0,0,0.212309760024,0.317974659979,2005
994,SWZ,586.050929515,male,0,0,0,0.23728592341,1.11658309901,2010
995,SWZ,606.248387762,female,0,0,0,0.23728592341,0.313219092015,2010
996,ZAF,18280.3103527,male,0,0,0,0.237547781369,3.08613100582,1990
997,ZAF,18657.250614,female,0,0,0,0.237547781369,0.986450298143,1990
998,ZAF,23723.2873778,male,0,0,0,0.315697605534,2.59903052946,2005
999,ZAF,24366.3208685,female,0,0,0,0.315697605534,0.696160315901,2005
1000,ZAF,24966.0464707,male,0,0,0,0.392101022677,2.45543056079,2010
1001,ZAF,25458.9482941,female,0,0,0,0.392101022677,0.63599336482,2010
1002,ZWE,5242.39170093,male,0,0,0,0.0691133190407,2.41082430742,1990
1003,ZWE,5286.93926456,female,0,0,0,0.0691133190407,0.430981830237,1990
1004,ZWE,6285.17387347,male,0,0,0,0.111684137977,2.16843875348,2005
1005,ZWE,6404.08876549,female,0,0,0,0.111684137977,0.46680223027,2005
1006,ZWE,6251.12964898,male,0,0,0,0.151490671576,2.34686823464,2010
1007,ZWE,6430.3412995,female,0,0,0,0.151490671576,0.455007038818,2010
1008,BEN,2316.44395311,male,0,0,0,0.0696617774442,0.806516838391,1990
1009,BEN,2511.18044909,female,0,0,0,0.0696617774442,0.164872508765,1990
1010,BEN,3782.94850302,male,0,0,0,0.0819780363291,0.787165168731,2005
1011,BEN,3927.50660324,female,0,0,0,0.0819780363291,0.171601462541,2005
1012,BEN,4408.56321723,male,0,0,0,0.0764247231712,0.800953737668,2010
1013,BEN,4526.61605191,female,0,0,0,0.0764247231712,0.145946580531,2010
1014,BFA,4602.02628052,male,0,0,0,0.0671850547591,1.55809849714,1990
1015,BFA,4796.31833036,female,0,0,0,0.0671850547591,0.94519884623,1990
1016,BFA,7075.4052215,male,0,0,0,0.0739216085027,1.51666446664,2005
1017,BFA,7238.57143653,female,0,0,0,0.0739216085027,0.938455284543,2005
1018,BFA,8225.63191002,male,0,0,0,0.091354750613,1.51691961997,2010
1019,BFA,8359.28254676,female,0,0,0,0.091354750613,0.933549634614,2010
1020,CIV,6525.32974499,male,0,0,0,0.158217878159,1.09685420496,1990
1021,CIV,6044.11444102,female,0,0,0,0.158217878159,0.302837614272,1990
1022,CIV,9289.84444658,male,0,0,0,0.630815824559,0.971660881924,2005
1023,CIV,8852.88609265,female,0,0,0,0.630815824559,0.291621165988,2005
1024,CIV,10130.136355,male,0,0,0,0.696411587072,0.996141792365,2010
1025,CIV,9749.6196912,female,0,0,0,0.696411587072,0.288871931739,2010
1026,CMR,6099.12047413,male,0,0,0,0.333758931831,0.81375995275,1990
1027,CMR,6181.91437091,female,0,0,0,0.333758931831,0.191660426796,1990
1028,CMR,8840.0801176,male,0,0,0,0.279437494694,0.640290618016,2005
1029,CMR,8893.40972821,female,0,0,0,0.279437494694,0.170074206954,2005
1030,CMR,9883.54081011,male,0,0,0,0.325204905152,0.64712322614,2010
1031,CMR,9915.31017791,female,0,0,0,0.325204905152,0.175246869832,2010
1032,CPV,169.094356005,male,0,0,0,0.318460516288,0.717251139353,1990
1033,CPV,184.506310314,female,0,0,0,0.318460516288,0.226848792086,1990
1034,CPV,233.503559882,male,0,0,0,0.516497299289,0.706306758347,2005
1035,CPV,243.23922107,female,0,0,0,0.516497299289,0.22749532192,2005
1036,CPV,247.754850992,male,0,0,0,0.682449952977,0.708242746641,2010
1037,CPV,252.825278155,female,0,0,0,0.682449952977,0.229735481504,2010
1038,GHA,7556.59020975,male,0,0,0,0.0651380952816,0.794303369674,1990
1039,GHA,7345.41120893,female,0,0,0,0.0651380952816,0.161153145817,1990
1040,GHA,11063.592611,male,0,0,0,0.114677291294,0.746805092762,2005
1041,GHA,10707.1764016,female,0,0,0,0.114677291294,0.114138328957,2005
1042,GHA,12466.4733117,male,0,0,0,0.151722288721,0.725817761197,2010
1043,GHA,12049.9720991,female,0,0,0,0.151722288721,0.110294922862,2010
1044,GIN,2932.29574295,male,0,0,0,0.24154644176,2.80926387575,1990
1045,GIN,2885.24959574,female,0,0,0,0.24154644176,0.116263948884,1990
1046,GIN,4624.85796494,male,0,0,0,0.18581811947,2.7816324941,2005
1047,GIN,4528.48010005,female,0,0,0,0.18581811947,0.114191250483,2005
1048,GIN,5094.64082662,male,0,0,0,0.216467184689,2.76423928645,2010
1049,GIN,4983.94551655,female,0,0,0,0.216467184689,0.110326086858,2010
1050,GMB,488.602558263,male,0,0,0,0.131456819442,2.29268673659,1990
1051,GMB,484.134670388,female,0,0,0,0.131456819442,0.482476144936,1990
1052,GMB,750.082318971,male,0,0,0,0.359045750854,2.22380977869,2005
1053,GMB,766.151470585,female,0,0,0,0.359045750854,0.466419130227,2005
1054,GMB,860.914137542,male,0,0,0,0.561345801369,2.19758589212,2010
1055,GMB,881.748011841,female,0,0,0,0.561345801369,0.467978241621,2010
1056,GNB,509.921906064,male,0,0,0,0.0697738059151,0.990897024077,1990
1057,GNB,520.747487986,female,0,0,0,0.0697738059151,0.294433493599,1990
1058,GNB,685.311929642,male,0,0,0,0.0684532445411,0.935539446993,2005
1059,GNB,697.384756179,female,0,0,0,0.0684532445411,0.260999115652,2005
1060,GNB,758.787588648,male,0,0,0,0.074664570325,0.934225908269,2010
1061,GNB,771.327334025,female,0,0,0,0.074664570325,0.256799821658,2010
1062,LBR,1084.83608771,male,0,0,0,0.0975513683645,1.04784659277,1990
1063,LBR,1088.8826015,female,0,0,0,0.0975513683645,0.0844528930608,1990
1064,LBR,1615.54267683,male,0,0,0,0.339675822051,1.02507012822,2005
1065,LBR,1609.46850008,female,0,0,0,0.339675822051,0.082638456852,2005
1066,LBR,2008.81548679,male,0,0,0,0.527178492332,1.03573047402,2010
1067,LBR,1990.37383449,female,0,0,0,0.527178492332,0.081433831233,2010
1068,MLI,4321.93768601,male,0,0,0,0.0672330276871,1.33277658157,1990
1069,MLI,4446.43798086,female,0,0,0,0.0672330276871,0.354809955619,1990
1070,MLI,6629.69276508,male,0,0,0,0.0696535299494,1.32040918148,2005
1071,MLI,6696.07335467,female,0,0,0,0.0696535299494,0.340964114823,2005
1072,MLI,7762.11050472,male,0,0,0,0.0716411761936,1.30512696824,2010
1073,MLI,7781.69897995,female,0,0,0,0.0716411761936,0.352945003203,2010
1074,MRT,1003.04045577,male,0,0,0,0.129703539508,1.25969320397,1990
1075,MRT,1012.93871682,female,0,0,0,0.129703539508,0.296804921312,1990
1076,MRT,1541.50423861,male,0,0,0,0.205369493159,1.47770001711,2005
1077,MRT,1531.77309662,female,0,0,0,0.205369493159,0.361146657408,2005
1078,MRT,1754.13655262,male,0,0,0,0.354227839315,1.46286010273,2010
1079,MRT,1736.83260978,female,0,0,0,0.354227839315,0.345912550544,2010
1080,NER,3900.76596692,male,0,0,0,0.0697002657532,0.956974402518,1990
1081,NER,4008.27005555,female,0,0,0,0.0697002657532,0.234791470626,1990
1082,NER,6594.7954834,male,0,0,0,0.0687215630383,0.707619877382,2005
1083,NER,6551.79806131,female,0,0,0,0.0687215630383,0.154863701999,2005
1084,NER,7869.03835932,male,0,0,0,0.070716769486,0.689078976153,2010
1085,NER,7785.49883705,female,0,0,0,0.070716769486,0.143346688148,2010
1086,NGA,49512.3152054,male,0,0,0,0.0678199056705,0.893297671633,1990
1087,NGA,48873.00499,female,0,0,0,0.0678199056705,0.349405542757,1990
1088,NGA,71309.1918726,male,0,0,0,0.081983534659,0.762830405098,2005
1089,NGA,69783.7368494,female,0,0,0,0.081983534659,0.251636252058,2005
1090,NGA,80886.1438889,male,0,0,0,0.0988070494461,0.734466290239,2010
1091,NGA,78924.3873184,female,0,0,0,0.0988070494461,0.23846696471,2010
1092,SEN,3648.99439891,male,0,0,0,0.0745862191245,1.23488416833,1990
1093,SEN,3653.03846979,female,0,0,0,0.0745862191245,0.219432219493,1990
1094,SEN,5436.8935427,male,0,0,0,0.110344607365,1.18012986145,2005
1095,SEN,5517.75957558,female,0,0,0,0.110344607365,0.197247156503,2005
1096,SEN,6207.39965075,male,0,0,0,0.138747604836,1.17211297454,2010
1097,SEN,6308.67806122,female,0,0,0,0.138747604836,0.196513249966,2010
1098,SLE,1963.80599434,male,0,0,0,0.345818143795,2.19665255622,1990
1099,SLE,2043.74267853,female,0,0,0,0.345818143795,0.428678274934,1990
1100,SLE,2524.21085674,male,0,0,0,0.348182425634,2.17760974213,2005
1101,SLE,2648.75724943,female,0,0,0,0.348182425634,0.429160430788,2005
1102,SLE,2893.11290125,male,0,0,0,0.37796000557,2.1810312517,2010
1103,SLE,3018.47324043,female,0,0,0,0.37796000557,0.437574321658,2010
1104,STP,58.2402604231,male,0,0,0,0.0643446862829,0.669304692433,1990
1105,STP,59.1969834578,female,0,0,0,0.0643446862829,0.207067658848,1990
1106,STP,76.5060709172,male,0,0,0,0.118564610504,0.620474523267,2005
1107,STP,77.9197990757,female,0,0,0,0.118564610504,0.190707884452,2005
1108,STP,82.8899864283,male,0,0,0,0.204466392479,0.60609467011,2010
1109,STP,84.4641271406,female,0,0,0,0.204466392479,0.180515581197,2010
1110,TCD,2998.87434805,male,0,0,0,0.0655663464485,1.21470160318,1990
1111,TCD,3071.10185961,female,0,0,0,0.0655663464485,0.312732757314,1990
1112,TCD,4924.88106549,male,0,0,0,0.0765051362454,1.09397896901,2005
1113,TCD,4988.84277163,female,0,0,0,0.0765051362454,0.303568280623,2005
1114,TCD,5671.2297893,male,0,0,0,0.0820763189754,1.10924443979,2010
1115,TCD,5729.60154263,female,0,0,0,0.0820763189754,0.301906277544,2010
1116,TGO,1824.76081429,male,0,0,0,0.1272114215,1.08916873758,1990
1117,TGO,1867.02606854,female,0,0,0,0.1272114215,0.333922668167,1990
1118,TGO,2690.71433121,male,0,0,0,0.21060665235,0.968239552867,2005
1119,TGO,2744.39941509,female,0,0,0,0.21060665235,0.289018525314,2005
1120,TGO,3002.13673686,male,0,0,0,0.320450911697,0.954725767909,2010
1121,TGO,3059.04899328,female,0,0,0,0.320450911697,0.287193493067,2010
